ResponseID,L,Treat1,Treat2
R_3nGChT9uXxpGL02,1,0,1
R_1Cj2mBz5kq8pSnz,8,0,1
R_w4yj3flOVzy8o0N,9,1,0
R_3HuhMHnGlMXzIFv,0,1,0
R_9NCli0XyHqzKThn,6,0,1
R_3JdWotZwmJqczrS,5,0,0
R_1ISGoeEu7PuLLrJ,10,0,0
R_3xCeuBWoJlobfX3,6,1,0
R_BLMs8SbWjxtss9z,1,1,0
R_1o7n3I5J5LEArp5,6,0,1
R_DbKh9lEv0P09dOF,3,0,0
R_3stuqK9w7ezVr18,4,0,0
R_1nW0YMXJiTTYcAm,10,0,1
R_b7vzXwoVFrqXIad,5,0,0
R_27xqLDEkKPsdgxy,6,0,1
R_DVkUtMrHvI1RBU5,4,0,0
R_1kSUFvOimousAxR,6,0,1
R_yTJQeAieyE9J9qV,5,1,0
R_32IR1BanIg1jejC,1,0,0
R_1pyT0Rg37jR0xM8,4,0,0
R_2mJO0i4foVPxDxL,8,0,1
R_CmhwKz57jemQ14l,10,0,0
R_3I3K2ZSIKNX9FjR,3,1,0
R_2rCQW1qEbwywc1u,5,0,1
R_274iDyCx7uP4ubS,2,1,0
R_2s77a6ynlOIOQs3,0,0,0
R_bwKKRtOYuCjXND3,10,0,0
R_3ebgxlYGUdF1lpy,0,1,0
R_3rOD8nBUEcLvyVi,6,1,0
R_ekxf71eCQfTTTUd,10,1,0
R_8nXW6Q1o9ZjdKhj,10,0,0
R_1mEi4ju1LhyvG5t,0,0,1
R_2P6WMAMlD7d5wUi,2,0,0
R_3J9rZKsV6qPLEKM,1,1,0
R_RjWlI5axG3oUaZ3,9,0,0
R_2v2Of3PYvZUOSPq,5,0,0
R_3fr8J4atO4ppa84,6,0,1
R_2P86vYxJCssadnp,3,1,0
R_RVoxDh8xdTLCUfL,0,1,0
R_1Te2s2vjVgIxUZP,0,0,1
R_2S1b9E9hOEDzpuh,7,0,1
R_3Rqh39KylzPYH2c,7,1,0
R_23X2B86IbPK3t4X,6,0,1
R_1oIriSRxeP3iorO,7,0,1
R_rfl8iWjOClFOVHz,2,1,0
R_O7iUUTxBv5bOidz,6,0,0
R_1mRcoQcCrkK4ncE,8,0,1
R_1QnqnwsUD3nTsCb,2,0,0
R_2sT2DaAgXv1B3eY,8,0,1
R_1i8mkw0Lq6yHhMl,8,1,0
R_1OGHo532k4JGdB0,10,0,0
R_5jXCq2v0gbGGo49,1,0,1
R_3ME6Y8ATgXFjPY0,8,0,1
R_3CV01jejfEjCqHV,0,0,1
R_1hWsIlxxQKy5KoA,0,0,0
R_3dSP48oiE8YmEsl,7,1,0
R_yKZydcNvBCaeRGx,10,1,0
R_3fqJPff2hThenUS,2,1,0
R_2P70OMeMdYxit8Y,6,1,0
R_rom0a8V8siZtfTr,8,0,1
R_1lg8VJPgIaTUznV,7,0,1
R_3PNMfhuHumiO3PC,9,0,0
R_3ql2WsXR0wJ4ZTn,0,0,0
R_2sYWaOFffQxRb4w,3,0,0
R_3P2gshADE5WrQVb,9,0,0
R_2BbSqMpqVAQqu5r,7,0,0
R_0SvLTbnYRmKMJMt,7,0,1
R_3MrR99QVhcfrpzt,9,1,0
R_3JgRqNKKvQoyHLq,6,0,1
R_2cu4Ww4hGGXCtYE,7,0,0
R_1QKJ1Kld1yBWkM0,9,1,0
R_8D1HGn9PSxiBm8N,3,0,1
R_1GwQZhAcFLMXTkU,6,1,0
R_2dXhVmi1Z1EKBIK,5,0,0
R_3fuWgoBM3b5spTE,7,0,0
R_3fvGmoVTawMnxGp,9,0,0
R_1qfgSPdYmF6xwl5,10,0,0
R_QfXjVLwwKsZVQad,8,1,0
R_p5moncIlJuRV3fr,7,0,1
R_2TH1s4UK9FG5UBD,0,1,0
R_8vRK2vHEkQ0i3yp,7,0,0
R_2q3hgFoUjWesNN0,4,0,1
R_eEwNEYEPNil5Dxf,6,0,1
R_3jcG84a4DEXP7y2,9,1,0
R_2qeNh47NajjaEop,5,0,1
R_12LoZeR3dbckHyt,7,0,0
R_1dK8BAeziMbkmYp,5,0,0
R_3kgBWt0XP60XalY,1,0,1
R_2wc8bBNY1l07BW9,6,0,0
R_3dQCLgBhtLwKczV,8,0,1
R_3GpnkFrzbaNvjtz,7,0,1
R_R2MG9uSTwQsZuRH,7,0,1
R_2absnsonaWb8TWP,6,0,1
R_3ekreP8yQH18EqF,10,1,0
R_2duU9jsU9mnIapi,7,1,0
R_2yqI9wuUh2emjeN,6,0,0
R_3rSzDAMoU5GdHFv,10,0,0
R_2QfYWQnaGCfsgNY,7,0,0
R_2CUlstywIfbFmfj,6,1,0
R_1H1RnHlvB12VAd8,8,1,0
R_2Y577q78mmYAYAP,5,1,0
R_3nVhmSQW2I0K1i9,0,0,0
R_w5WzGMbmTfzFeOR,0,1,0
R_2AMhmGSLHPRYBLu,10,0,0
R_ZymSvQpDcSbv6UN,1,1,0
R_DzMlvIqQFAeMkRb,7,0,1
R_2zi0QzBtayZ3KRZ,7,0,1
R_3Piajn8mxUMZqeU,5,0,0
R_yz7hZQLeuPOCCaZ,9,1,0
R_29mDNZn2BvP1h9U,10,1,0
R_3FPZyTVULEC99Si,1,0,0
R_3scCGZ80uFE50CS,0,1,0
R_2fYZo4mJdVq5kVr,10,1,0
R_3pgwo0x606gF11G,8,0,0
R_2wRha3wKx49tJFo,3,0,1
R_1hMd6xzcsk0voF2,2,0,1
R_3JsCyg0OBPxpC0f,7,1,0
R_yCsqEERm3MoIf0R,2,0,1
R_wMhVSQDhf8tumfT,7,0,1
R_25N1Jmi03gke2ws,6,0,1
R_tFc9in1UtQXxOpj,6,0,0
R_1DUWKSo1ii8VsV0,7,0,0
R_2z5RwpibQL9Y0jD,5,0,0
R_z2md6rzJ5ltDjq1,6,1,0
R_3Ppjy8Ud6sviVa2,2,0,0
R_Dr5SgLxMkYqtewx,7,1,0
R_eYjMi2rUpqwPUFr,10,0,0
R_3fNy9VIUHEDTDFM,6,1,0
R_1me1ZjbAe1HVY76,0,0,0
R_0rLDXrOl2cWXaRb,9,1,0
R_3nIfEXKDEMpNLjr,2,1,0
R_2DM2denRzT9Vfsv,0,0,0
R_31cjhRKgiIW5uZ9,8,0,1
R_xE2VkX8RA4AdyJb,8,0,1
R_1jwRjn5YD13Yui3,7,1,0
R_2q7SQBUgJ4QHKSh,8,0,0
R_3Rl5ATc4E52GJyr,0,1,0
R_25DX8hyMQYzNLuF,9,0,1
R_2QuE7avyq9lkO4V,10,0,1
R_1pGvZThzey9tOYU,8,0,1
R_TvAfy4iJgbIFsu5,6,0,1
R_1r6A8uStgR5DmS8,0,0,1
R_272rnh3kJPxkQ7m,0,0,1
R_2cwUUO3kaecTTYB,5,1,0
R_3JmckZy47GGcBA5,10,0,0
R_2VdUrqKLl0EY8al,0,0,1
R_1LCCfMPAgJ6amKl,10,0,0
R_1hGPNywAI0u759D,10,0,1
R_1N9pBekdyQUafTC,1,0,0
R_3mkNTLzDNg26pJf,1,1,0
R_3NwjkXyGVRglVRK,5,0,1
R_3g7cdYbxOeVIOmX,7,0,0
R_2gdW4aV48KYwHHX,7,1,0
R_2RVyCxhFQ7py6Bt,9,1,0
R_1qXoKiCZaFtyAeP,4,1,0
R_vwsyZkkStfHx5Op,7,0,0
R_1FysKxyPhD7EAOZ,9,0,1
R_3J3riYT40qvamzp,0,0,0
R_2wuZpQZ5UE2KYVj,6,1,0
R_3iRoW8ERKOS6mUg,10,0,1
R_1rAOJNnn1ospKQi,1,0,1
R_11dxZ7ja36A35py,9,1,0
R_30qwHYyr8veoXUw,2,1,0
R_2CHEe2SR2FexH7s,9,0,1
R_2alPpohHgk5dH16,1,1,0
R_2TnrowrCh97rWlh,9,0,0
R_su8xT6Tk0pj3VHb,8,0,1
R_3itcyXkBasBKN66,5,0,1
R_1FgPIe35czprjSb,2,0,1
R_21p541XMxw78HBV,6,0,0
R_2D62kZOiJtURjxK,9,0,1
R_3eku4uDKoCduMcV,6,0,0
R_3s6SP5Xf3A706Bl,5,0,0
R_yQ5sOKcpPptnRu1,8,1,0
R_R9oiFXG2xiAEpkl,1,0,0
R_3nk24hMBxmVMqYG,9,0,1
R_2uImcoRn3cCcDDH,6,1,0
R_325TNu4aUvmBU0r,5,0,1
R_3lYVzhDTtM3JdAW,1,0,1
R_3eqUj7DfeI8LJIS,7,1,0
R_1It9tgRsZaZAfpE,1,0,0
R_2AGuzIrDxphHdtk,2,0,1
R_1FJ4GHtTVJsDT3K,6,0,0
R_27eDs2a8jyMs9qa,7,0,1
R_aflS4qSKf1LYKwF,7,0,0
R_PRPJfExxu7few0N,1,0,1
R_1i2LDxZsugu7Y5T,10,1,0
R_3OobWlJ9e4VvuHw,10,0,0
R_1oBHoCe0QXHDiqQ,0,0,1
R_OMRbJN043osG2xr,10,0,0
R_2905vRzPRcenj3f,0,1,0
R_3NCCAoIvNLzsidW,8,1,0
R_11dzL3GedT3kBo8,7,0,0
R_1Ok7NptK3yzVnyS,9,0,0
R_1JIVDAWTRF3UpMm,7,0,1
R_Ajl7IVdYgZw2bwl,2,0,0
R_6EfSrhkZx4MrDq1,4,0,1
R_3nAVUeQdYBgw03k,5,1,0
R_3O19vqDaAU6HPF5,3,1,0
R_3qlCrRuKsOa9Fxl,0,1,0
R_3FVEYncGahKicr2,10,1,0
R_cVmZe2nERqP1MGZ,7,1,0
R_3fqpRbSj4IE9SIU,0,0,1
R_1BWWGyMDqM4g5as,10,0,1
R_RyvPhEpPPy8vN8l,0,1,0
R_2X58GjqcxMcMNQJ,5,0,1
R_3ho18ftGVdQPeet,10,1,0
R_3061V6xQsnv1MFG,1,0,1
R_2vZdqoIjgzvKqwo,7,1,0
R_qwqz2RVIIpI5TFf,6,0,1
R_1nPYmdn6WrrMSAN,2,0,1
R_2qrVq2SmnkB9Oe0,5,1,0
R_Rt6NBtIzG5yLBrH,5,1,0
R_2e3VaMwbkNbibDt,0,1,0
R_2tg6i0UfOROuByt,7,1,0
R_22Qcnb1gwslPfun,0,0,0
R_117wX7QGTqwIFN4,8,0,1
R_2QMsTx9z2x2wlP0,8,1,0
R_sT2GuusdTs6lqCZ,0,0,0
R_3EA26CGUFy3Xeet,3,0,0
R_tS7uY0uO2U6JeeZ,10,0,1
R_wU9OA7vFus9SJSF,9,0,0
R_2f3WbNWwHm1noKJ,2,1,0
R_Z4qNo1kMNqV32jT,10,0,0
R_1imnqUE57j7zadV,10,0,1
R_2UbzwN2sMsKv65p,1,1,0
R_30orB3DXhZPbfba,5,0,1
R_3lXhbIX8OI2Pdiq,1,1,0
R_9RYGCFjycKleHiF,10,0,1
R_W2L6AGOGgoU6fEl,7,0,0
R_br505eIi6yL4Mal,9,0,1
R_3fVPEt1AfY4ozPp,5,1,0
R_10ZzKGJIBwseVqV,1,0,0
R_1dsPtl1lBf4htvE,8,0,0
R_2dtl5ttWhbuNtGx,2,0,0
R_3CNQROSYPSlqVlY,4,0,0
R_01EzEUumKXRBH1v,0,0,0
R_xgVMA9HBwyk5Ycx,6,0,1
R_2PuSP3hSkyuo3Qy,10,0,1
R_2TNO9vEugVDNCLT,10,0,0
R_3RdVLPoL2DixUxB,9,1,0
R_3HMoyvDhuuhuq07,8,0,1
R_2ZVSeerfHQWKHcG,9,0,1
R_1rJR2D8wNBzolue,4,0,0
R_3kNZyU69dUc7KNr,8,1,0
R_9H4shPqaZmZewRr,10,0,0
R_3oAAXmLI91xKB6o,0,0,0
R_Ze3qmCs3DJlYPa9,0,1,0
R_3Rh8QtVel92LVrr,0,0,0
R_3PbL4hmSHC0TluN,8,0,0
R_28CFWjODztYU2XU,1,1,0
R_1Nqs2L9U4XzrVnv,0,1,0
R_1n3LthmZKyBr4a2,5,0,1
R_2aqm6ELlgeoADaY,1,1,0
R_2bK4eA8ARtrBgUW,6,0,1
R_1NdXP7PaMw3zOxz,6,0,1
R_sYem0wGx1apiE93,9,0,0
R_uw8mmxnnMfTpFmh,10,0,1
R_3NU5yOF33zV2WDu,8,1,0
R_30ePBMILQOjyjNk,6,0,1
R_1H1Xd6u0uzi9m2Z,7,1,0
R_9MorKug1xz10sH7,4,0,1
R_1LLkoALnpMAqRY9,10,0,0
R_3G6SeyQl37JLRWu,7,0,0
R_OcDPJRaOvuIHE1b,1,1,0
R_2ASjCwa7tK8zjtl,2,1,0
R_8qdUIv4xO3l1mp3,10,0,1
R_6eRsqCjgy5KkfwR,2,0,1
R_1rlC5URA6spRF21,0,1,0
R_7R5FLwjkuHKKzpD,2,1,0
R_1hShU3pW14DE2Ke,8,0,1
R_1CgeIZNpvfU2JyV,4,0,0
R_25NiUxdnx33gbm5,10,0,0
R_1BVCveldcSvoP7n,0,1,0
R_2v1cVfEjAwq0Zxg,9,0,0
R_1mC5ziE9aAhD21N,0,0,1
R_3HIi6bzDvU44Yk2,5,0,1
R_yrb8VTw1fdtGkN3,8,0,0
R_3s5NABoOw71187n,6,1,0
R_2YsvLdVhdmQOR4G,6,0,0
R_2xJKb6TsjpPomIa,6,1,0
R_WAJGRn9bMhQd5VT,0,0,0
R_3jTlaFBAjcQMShr,1,0,0
R_1F2hX0Bc36kqVAL,7,0,0
R_pH85Z1G2KKdFoYx,10,0,1
R_DIV0vkVEOGatl05,4,0,1
R_bwKQw9qW5TsBPLH,10,1,0
R_3Rw1TEAo0DpZQ3i,1,0,0
R_2E0Mm7Eh9j1dj4N,1,0,0
R_2RR3dSeJVx96ZCH,10,0,1
R_20OT6a8V5dKJncc,2,0,1
R_210uU4HwTSfpxmX,0,1,0
R_cCpoyH87GM4Zo6B,5,1,0
R_3iQjDWOgUP7FAgQ,1,1,0
R_R9Md5sV9NvI9KSJ,3,0,1
R_1l4UifkInN9xOLq,0,0,0
R_W8PTb5icVgBRtRv,2,0,0
R_10VggAB3y4vz4lw,2,1,0
R_DDazYquLTooPYtP,3,1,0
R_8384jo8YURs3A77,7,1,0
R_2SoYo5QlYagVRMS,10,0,0
R_3RsaBeuIoxgxAuz,3,0,0
R_87TRqOJ92l1G24N,10,1,0
R_2hEZrjGqi925RSh,10,0,0
R_3kA6bmt7XtAXOiD,7,1,0
R_3GiEyntFBkzIAcd,7,0,0
R_1Q6nKEzClpYDwUf,6,0,0
R_23fpr4JGZuuWVrb,1,1,0
R_3J9MH2Vl0ayvXhz,2,0,1
R_p4SpucXz1gsGgN3,3,0,0
R_1mgUPikz20gIwdT,9,0,1
R_3fBNiB16egpRGpk,9,1,0
R_1gA2mk3fwTYVl2c,6,1,0
R_vYnB1HV2UFrqiGt,3,0,0
R_31XY5G4VkJeXMsd,10,1,0
R_2SuJnKJksX2SzZz,0,0,0
R_3ERmyzYQxM9JT6M,9,0,0
R_bqNBqdiMd3CXOJX,8,0,1
R_1KwFXppULqBHEZi,6,1,0
R_2xW7rz7UWB486dJ,10,0,1
R_2QunVXSzQTuvBlh,8,0,1
R_2CNjqPhvTqQqL12,6,0,0
R_XHQgUaHyDmIH4sh,10,0,0
R_UQuPj4r08T1jZw5,8,0,1
R_Xt8g8s3RQIFPHI5,6,1,0
R_2uO2TWyPkjkniRy,10,0,0
R_BFF9dIxMREgbQrf,2,0,1
R_2coKK4rFJpVomlP,8,0,0
R_3qUOXVxMXevl9sE,10,0,1
R_2fx2QmVzf5KPbIj,9,0,1
R_2tKxGlcQ5w28hGe,10,0,1
R_1JQtgKpE74CWuz5,7,0,1
R_3QEEqshL8DnTW7U,7,1,0
R_9nuoOycuMcUho1X,0,1,0
R_2R56tBBL4MLbnPX,6,0,0
R_uxZZjWy96FBotuF,8,1,0
R_3nq4l7F55stKmJr,3,0,0
R_129hqxVMsgxQtes,7,1,0
R_1dN6RdcWPV5OLQA,0,0,1
R_3jYCRz0wm3fqZcL,0,1,0
R_3KDPzTWnmpSaI1i,8,1,0
R_20ZD6580aoO3SNK,10,0,0
R_3fdVlYxnc48QZ3V,10,0,1
R_3JJmb6hPqLwmZDX,5,1,0
R_5itgYOQBvSg0pLb,5,0,1
R_1OB7JBVbSGiiMBk,8,1,0
R_1rcgTmPH0U2DVNO,5,0,0
R_1Ley57KbpZZsZRm,7,1,0
R_3HOyXYrJdceRRz9,7,0,1
R_3oL6280LvjfUAYz,0,1,0
R_3nvnOoyMW4DwkLg,1,1,0
R_2yjA9PJJLMjAQ2H,6,0,0
R_8va4NAGvoKhhovD,9,0,1
R_8v8ysfZ3vcCJDkB,1,1,0
R_3n7cUYy6O2R3brl,9,0,0
R_bxt3jWHRUbbfhQt,1,0,1
R_RPw8K6XSDxNCQNz,0,0,1
R_3oTlmxDErTZfNCI,7,0,1
R_1FlYDIiz0Jgh8V5,0,1,0
R_vxj4WU8gtHJnCIp,10,0,1
R_3QQw3kgCGYDThA2,8,0,0
R_qCJzjqXEcZuqTJv,8,0,1
R_3L0hgRlsAMdFDXf,0,0,0
R_1OZesi4zHC1TQcm,0,0,1
R_1jCdFDWvmrxAjBD,8,0,1
R_3EXbJJ1SOIvG6yS,6,1,0
R_2pQMw7242AaM5A4,9,0,0
R_3NESPr67akAonV8,5,0,0
R_3e3TF0JOl2UyTjz,10,0,0
R_1et4Nd2iNftVPTw,3,0,0
R_29vo34cb02ZeLoU,8,1,0
R_VXAqKihzXdklb3P,1,0,0
R_27J4PLbLWTZjb1u,4,1,0
R_2QgsNjPczJzfK59,3,1,0
R_3ee63X63ladrKxd,0,0,1
R_2S7DWr1Ot4DH3ya,7,0,0
R_ToPCqqGTt4HBNAd,6,0,0
R_bmzpr9pK9IRulEJ,3,0,1
R_1CrMiVEl5esm0mx,6,1,0
R_1M4CDpQs5cIx31T,9,1,0
R_2bVKAZuNhgoIs9M,4,0,1
R_3NxPbExwb8B1uRL,10,1,0
R_vrGytnWu664SCml,4,1,0
R_WrmKhPRuzJ2Euo9,7,1,0
R_PFZ7evpgeDoShLX,6,0,1
R_3hxVxKnAkIqI7fn,4,0,1
R_8DlBB5RdxjB3Z3b,5,0,0
R_2t2N2aCc4Jv1sb2,2,1,0
R_1odIrQOUALqs6Ud,10,0,1
R_2aqLl6kUK1WsG3j,4,1,0
R_cvjmthYjM9Oc9Bn,8,0,1
R_3qgq2vj6GN6r6mF,2,0,0
R_2TOakCL7mFwcfPc,2,1,0
R_2feRpjzxV9daMTG,9,0,0
R_20NZ7BIqUfhhjUy,5,0,0
R_55qWIxdYHYqSZhf,5,0,1
R_24udoBRVeiCYD8s,1,1,0
R_2tiiMt80pKiWwuP,6,1,0
R_3iPy3F8EP9hcSey,9,0,0
R_2S0ksPNMK8YEo2k,7,0,1
R_2dZnzwmuDzkLGnP,5,1,0
R_2tfXB6WnLH502ez,8,1,0
R_3QXUOvZIq4ngX38,10,0,1
R_1IoCpUZXARAvdKu,1,0,1
R_3e4hZ2dAaT1MmFv,0,1,0
R_T5we5xSLWeVBQZj,7,0,1
R_3lQRSUCMSR6rU9n,6,1,0
R_1n9qQq2C0B7Pycv,3,0,0
R_3GjoUcAP7ihkca5,6,1,0
R_3KuU6dhnO3L8NUz,0,0,1
R_2Y9cbFtjfn9kSVI,6,0,0
R_27Op1WCqxPNkWwh,0,1,0
R_PukaQN4LorSjxol,6,0,1
R_d4gXjRKbYkQYjzH,10,0,0
R_vj1Kc0I3PfvADHr,0,1,0
R_23aH9QJwnDupgVA,1,0,0
R_1jvOFvIjRTDY26S,5,0,0
R_3NV7JeNOnUR7HM6,0,0,1
R_1LRuTnSmlK1C05F,10,0,0
R_27BvFD6uSZUgko9,9,0,0
R_3gSHUqjU4847u4d,0,1,0
R_3QL94PTzPMfdIlo,0,0,1
R_1JCwdZjvPbEJsrU,7,0,0
R_1GOggMZMUvhfQil,4,1,0
R_XS3pz6PZyvMAFvH,6,1,0
R_2QSxl9dPRM8wttC,5,0,0
R_3oEAGfKJSl67Lvq,0,0,1
R_Qj0GqO66J9YIkal,9,0,0
R_12KD27JJrRvITVm,8,0,1
R_2EoPXrDXxqPZjGb,10,1,0
R_ULRWVaneZFgGNYR,0,0,1
R_1gdQfZAqo6LVnDt,0,0,1
R_3JpUkesPSjRaGNc,2,0,0
R_2ScpMM7e4Gh7FfP,8,0,1
R_3eazuWYXCj4iq27,10,1,0
R_1hzHBSLx5NQokdg,5,0,0
R_bx7TP12DX9qVYyJ,0,1,0
R_0BAOgg66lOTgUPD,0,0,0
R_3kbQn0eVZdJM9On,5,1,0
R_2YXQgkcmsA1Lbv1,1,1,0
R_XBMa3LEIQN9yYRH,8,0,1
R_RVOLMPf0nnIqGfT,6,0,0
R_3n14He7EMVobyi4,0,1,0
R_3qQj8lLtiX9JRFZ,10,1,0
R_2S1SUBIQkShv4aB,7,0,0
R_RfRgYJuQMO1bNFD,5,0,0
R_3KTUVIeqfZKb1HB,0,0,1
R_3FLomOeLCkZgotl,10,0,1
R_beXbMya6uIdy9yN,10,0,1
R_4T7kKcy4BL2A13P,0,0,0
R_3kBnVOH9JkPPNEV,3,0,1
R_3EyETyz3CgtFlIX,4,0,1
R_123xiJgoRvxVdFu,1,0,1
R_3iDB6U9GMfExVJi,3,1,0
R_2eQgccnsCFT6DuC,2,0,1
R_296pYxLY2J3BpLO,10,0,0
R_2bHkGm7sORTZuLh,8,0,0
R_3D74JaRF1UHNepK,2,0,0
R_1ifkBmYJrdXMFmg,9,1,0
R_3gLyucralr9iC1p,5,1,0
R_1EcYb7rakcdeDjk,5,0,1
R_3HOomBSjDY2WDqW,10,0,0
R_1CHNIi2VgobZYJc,3,0,0
R_2X7EivJmv33R4Ti,3,0,1
R_2pQPG6cBSKzfLtl,0,1,0
R_2OTKBD7crWWkSBC,4,0,1
R_CjmZCaL2eKbWnOV,0,1,0
R_31X9oerIsJU8EZI,10,0,0
R_3HALa1kVBphMxE8,7,0,0
R_unb8aiYSeYvQ1oJ,6,1,0
R_6lkfbMJAf3vEVdT,5,1,0
R_2A097sxnf7z7Qwx,3,0,1
R_2WxuSr6dRQrr1Mj,5,1,0
R_3L8bZskTXXlbVLR,10,0,1
R_2rZ5km5C01MpnsE,0,1,0
R_b8fta6K9VgfeQ5b,2,0,1
R_3iIvHYXaZItgq1h,10,0,0
R_2fjnC7WE6IzTrQ9,1,0,1
R_12KmqE0T5l8sQmJ,3,0,0
R_3sB0hnuBDrECR6l,7,0,0
R_6Y834gJgqSSUD9D,5,0,0
R_rjXi6F5kCqqnzvr,0,0,0
R_3nuxdlCN60VXb8J,0,0,1
R_RVVKINCUqZZ2gTv,8,0,0
R_2Y4IgoFD9PBfDtT,8,1,0
R_XpP4y2Xvo4LJRAZ,6,1,0
R_Aywd3MxWF8oQVlT,0,0,1
R_vcUmgebHeyn3foJ,6,0,1
R_2CVCH3Xe2l9A1Rp,8,0,0
R_3eajqjbpzbzmvgj,8,0,1
R_2Tz9gMVTY86ZyYi,2,1,0
R_tSY7NHN4k8OVDKV,7,0,1
R_Y5Z1lk4CqyZbdL3,4,0,0
R_2ruLIxo4gDXOwiL,3,0,1
R_2t8VHyb0FGIp4ts,10,1,0
R_2EbkGxnlwJJt2oU,10,0,0
R_3qHSCSU7gLSwUdI,0,0,0
R_30w03SkFlX9OoCS,10,1,0
R_3HHXjYgfV2aM0GZ,8,0,1
R_25AcyutjE0fBRod,7,0,1
R_1pJw8HaY00ul3uT,7,1,0
R_3EHbFZVIQc6BvJF,10,0,0
R_4ZRGYqRTqD92JkB,2,1,0
R_1rIggqL8VXnz8fE,5,0,0
R_tXNJicYalUDIQdb,2,1,0
R_XunnCpL7lZdTHTr,10,0,1
R_2Vgv8mcZDV8wQa4,0,0,0
R_3dKfVsyG9hcZVqa,6,1,0
R_3j9jVbCPML5zWRo,5,0,1
R_6rErol3k8YePO7f,2,0,0
R_1P75Ipe5pD49yBu,10,1,0
R_1Ig8YdVV0JSpISM,9,0,0
R_3nHHMFou3zUqlun,6,1,0
R_2EGkKINVD5AFY8l,3,0,0
R_3sb3QuijXPL6Fu5,1,0,1
R_2WOwRCJQpCflJV9,10,0,1
R_1FCUslSdAuYlff0,0,1,0
R_3fW5W8NwLJ8M1aT,10,1,0
R_x4bC7uHS8I9tShP,0,1,0
R_21apWMHCSOdCkCW,4,0,0
R_42AiihwqhcCcrcZ,10,0,1
R_3O3aZUdTKtK7k5g,8,0,0
R_2TnHt1BTlUJKGcM,2,0,0
R_pRYVp656QfRTbTr,2,1,0
R_cGVqIOa73YJceVr,1,1,0
R_3D1MR1mi2YY0PWe,9,0,0
R_2rvBiL2AIDvDolm,10,0,1
R_xDcSH4uscOB42T7,0,0,1
R_2c2wJtLSgWc5d09,2,1,0
R_31sDOGMqforv0Nu,5,0,0
R_31SPkV5Il8H2vIm,1,1,0
R_QhPo3WJcLZ9pkgV,9,1,0
R_1CqdHE2BJXaeNGC,1,0,0
R_2B5qtkvqyIJLjZr,10,0,1
R_22QYdZ1nc4RJUAd,8,1,0
R_e35SEaH3TxAfQLT,9,0,1
R_3qQj77Kc5M5hanC,10,1,0
R_1QmeZVTO8Sdv3iS,7,0,1
R_2ClzLF9cwRNhV8Z,1,1,0
R_1NFm4RJ3edcLvQZ,4,0,1
R_2ttAJ5W2mQii7my,4,0,0
R_1jp053mm52pqbcs,4,0,1
R_2z86lBIj2VmAA9P,9,0,1
R_6JMIY3DgtWxXsM9,3,0,1
R_2z5wTCz9I9HwgYV,9,0,0
R_r6i0tY3mcBAoInL,9,0,1
R_2PoEL7bwOIRsNo5,6,0,0
R_1Kpat9sDIfXd7fW,3,0,0
R_XozMGDtKp4BuDvj,0,0,1
R_26o1os3w2uiMTLN,8,0,1
R_1MTmpMiDSHgaTSb,2,0,0
R_2VDqvBQBK7ZcNp2,3,0,0
R_21bm5GtHI2ibEn1,0,1,0
R_3MlisQbmX3g2QgX,5,0,1
R_UfDHToYo1Y30s3T,7,0,1
R_2wSKgWMFhmoMKMc,5,0,0
R_2BtwwE1Ogif0qix,10,0,1
R_AAjrkV1V92UH3nb,10,1,0
R_2B8t1h4TZR58Af2,7,0,1
R_1NDNGoIoWjHoD3D,3,1,0
R_1DBaBeoMaOCXGnV,6,0,0
R_26lHXdmV9b8Vnu7,0,0,0
R_RrimuevlTeTiZ45,5,0,1
R_3KO7zkdnhI4lUWR,8,0,0
R_2uKX37xwtoYtLkr,9,0,1
R_3CZevcpT2xNYcQg,7,0,1
R_3r0BF6SDC6EuDza,4,0,0
R_2UgvHJ5p8bREDne,0,1,0
R_3kjkQhp7neIfEJL,7,0,0
R_2U4bDL31AYdO11s,1,1,0
R_1ozohykECGpW2mV,1,0,1
R_24jGdGUv6Tgkh23,6,0,0
R_2bOu5QzHskQrk92,7,0,1
R_3QYN5bIbUUuEjko,6,0,0
R_6eO2Ojbfgji2jbH,3,1,0
R_DNnsphAsiDXPly9,10,1,0
R_1QydraGNUZUzgW1,6,1,0
R_3qO44MJcdNIEviK,8,0,0
R_1dGESiic94hJkLg,9,0,1
R_1nTRNYDyv6nsx25,7,0,0
R_3WoXAaf0h7GAwF3,10,0,0
R_2qjv0M1Cqv0MYb5,4,0,0
R_3J9MGCvfAAF9Jat,7,0,1
R_2wsiIuCTf5m5rAd,0,1,0
R_1OjLr0mvmLfl180,4,1,0
R_24JcFFg2OI3sgrx,5,1,0
R_241mrAsTvQOwF5S,10,0,1
R_2f3skD1OFG2E72K,8,0,0
R_2dEW5ELaehLulUE,2,1,0
R_1hJTzb9vyobtL7K,6,1,0
R_1rJjsKiFCwAQF13,0,1,0
R_qyyQkBI4xjdSVuF,9,1,0
R_2YmnFFME1BvgxM7,9,0,0
R_1jVX6NyQOoZfKfG,5,0,1
R_efjDB3H1SiTnvm9,2,1,0
R_2SdWV7CPveokONA,4,0,1
R_1cTVKc78QO8vORj,3,0,0
R_UQ6Afig8P0pQfi9,8,1,0
R_3nH5JQL4ichdIzu,10,0,1
R_2Tt2YZyjG8tKOyg,8,0,1
R_1QrwPYdTlBjOzv1,9,1,0
R_2rpiJ5qdljLzrpd,9,1,0
R_2VEZ9AGtkP1ms0W,5,0,1
R_2SjAhZFwj0OXI72,10,1,0
R_24zXc51kqEB7mtI,10,0,1
R_1rCThiNdqBbBSXw,7,0,0
R_3RaYTB8ptjiii9L,1,0,1
R_0chYjDXi95vRZD3,8,1,0
R_3iVJhYXMDi2j9QZ,0,0,0
R_Ajvh1fiCbHlSlZT,9,1,0
R_2BwEnPhbzWXoYJi,7,0,0
R_1r7bPVHg6mUiTgh,0,1,0
R_TwwrbKdidK570Mp,10,0,1
R_3futBJnBDwmnxPi,8,0,0
R_da0EKUWLeHwqQE1,8,0,0
R_3KO3rcQbVK3Fg4Y,0,0,0
R_2s4OZcUlFcplKMK,7,0,0
R_3Kx40ZGWyNPE7un,6,1,0
R_2RUKPzhx9NgaLjx,9,0,1
R_2TGLMH5133SqMI8,0,0,0
R_4TPwggFgA1MQYFP,0,0,1
R_2af8OWyUSjTieI0,0,1,0
R_AN8ZCLqbtHjaHCN,8,0,1
R_1lmyUpxV7Vh8VE1,10,0,1
R_3kJfgYFcnCrzczf,8,1,0
R_273aogYjHgH7oE7,9,0,1
R_1HjeXQaLW1XmsxL,2,0,1
R_3EAMWyYunfqhPQ8,6,0,0
R_3NKSYxX2FzTiz7Z,5,0,1
R_3HN7qvh24yVHYqv,1,0,0
R_3nTSQpasEpI4eiD,9,0,0
R_3ReIhZXCiUvOoOx,9,1,0
R_2roxIv3vDxE9mjX,4,0,1
R_OrHdcZW7M3elCi5,0,1,0
R_1BoQChiq3edWOiJ,2,1,0
R_31WvKx2THBSKYzM,1,1,0
R_1N5fMCer01QOel6,7,0,0
R_3fBgKIP5haVh30a,3,0,0
R_1dpsla2rnElJspW,0,0,1
R_3PbmQHegAMktT7Q,10,1,0
R_2QFMPDwNCPA1Mo4,0,1,0
R_3nSkbSlaUk69dQW,10,0,1
R_3e4ylQW3ulFzEhV,3,0,1
R_10PKRM7hYSQj8AA,6,0,0
R_DkQ0gQj22m1LQFX,10,0,1
R_2ccqeuevvZ7cF0F,3,0,0
R_4Z7c2D4pXGMJePD,2,1,0
R_Wqu2O5ApUPN5UXv,9,1,0
R_x0pXirbvy0YE8E1,7,0,0
R_T6CqEab8yZPo6op,2,0,1
R_3nqKBhZZ0CZkLAN,0,0,1
R_1gNGnB3QjOj1tOr,9,0,1
R_UmYTYm0mEO4AcWR,6,1,0
R_3EYKpjGqMRpYGIk,3,0,0
R_2VKiVA9T7daACMc,8,0,0
R_129KhhZFQd4ohzk,8,0,1
R_290nabnznLj8Q4z,6,1,0
R_33BSGyKvFxZgIbq,2,0,0
R_DodXkBLKmQd0vJv,9,0,0
R_1laxFpppsRtBe7I,10,0,1
R_1Q0E21VAmyvq37J,10,0,0
R_1eJfwUZgQrk3cMT,0,1,0
R_24P2qFN7Cdixd62,7,0,1
R_3QJJujrOCghfl0x,0,1,0
R_3gNNTk5M4iTEkH4,0,1,0
R_DtP2KWKelnb4l4l,10,0,1
R_25Nizr2XqDnS8YC,0,0,0
R_3fUV0C1Ner4Nmfq,5,1,0
R_abEOdvMAk304o5X,8,0,0
R_tSec4vQdPiG9E9H,6,0,0
R_1hWq4zOU4SMsjIo,6,0,0
R_33fEAzS4cGN195p,8,0,0
R_2uEOCJAXqhlCGJw,0,1,0
R_1hygGom8vRYUZuR,10,0,1
R_2OITcr5jtFKcxAx,0,0,1
R_31Y03iJaeHUk4nt,3,1,0
R_2riR3RKCloWQHUO,9,0,1
R_3mXwY1BB4MznO6t,7,0,1
R_2CHCpfJKCo796o5,3,1,0
R_55YYnsjyLnNtRa9,8,0,0
R_SHTKJoUTjhl89Jn,10,0,0
R_3KusRaV7umT2VUu,5,0,1
R_2qxvUiiDP3kx7am,1,1,0
R_2QQBB48FsFIkJUb,5,1,0
R_3D5vnSiqJdrH2Ti,4,1,0
R_30tQCH6OmkGGtYV,5,0,0
R_PZfxV7Lwa2IqwaR,5,0,1
R_74G6XMzPAbrElmp,10,1,0
R_6KXZCT0AZ8JuiBD,8,0,1
R_2tnDI099aP32oRQ,1,1,0
R_1GPlRr1BfD9NnWw,7,0,0
R_C1dIytk6UoGqVzz,5,0,0
R_1FFc7BAzhsrXI9r,0,0,1
R_10NKGZOWBE93QPn,0,1,0
R_2zNINIGEIA4DBaT,6,1,0
R_2pWzn12A3Vyx6VF,7,1,0
R_1HomobcIJpbVjZT,3,0,1
R_1hExsHWnNu2m7sF,6,0,0
R_3kvWnR8m2gLzw6N,4,0,1
R_2xV7VlNJpY7i9qe,8,0,0
R_2P7mSUrOUZg1TSs,4,0,0
R_2WPtlwlWT3suI68,8,1,0
R_PNiZaZFu2HrZJ2V,9,0,0
R_3elRlGpLQAnLAGA,3,1,0
R_21h7S4zqTrKgT9T,10,0,1
R_3nJjO9j2ZwNX63y,10,0,1
R_2xxyZz8pKZLa4ZX,7,0,0
R_31bjpaRNDyF9333,10,0,1
R_3s4juBhaKwDluim,7,0,1
R_1LjaN4XSfVipwS9,7,1,0
R_1r1iUf0GrCL0EFf,8,0,0
R_8612GihiTVqCEzD,2,0,1
R_3hDQ1byPB0uuxf2,0,0,0
R_cHddmp0KLDvDPkl,7,1,0
R_3psY0YUN7oO0fF3,0,1,0
R_9ALND7T5YUbGSvn,5,1,0
R_1kUfSH4ejJ9bwqn,5,0,1
R_3CGZndlXL26Rspt,0,1,0
R_22QVIWQcWPwQn1N,2,1,0
R_1g7qzxOvAwXkm8V,5,0,1
R_296ppp6jw0dLnlG,6,0,1
R_SAUsJkBMP11D0k1,8,0,1
R_3JLqWRaYaZu9sHX,8,1,0
R_sROnFYZHNz0TIch,3,0,0
R_XH6kkCetVQXOvTz,1,0,0
R_3MAMkDq3Ued9Crr,7,0,0
R_3lG59JkQIc9vqQX,10,0,0
R_2upJBHs14aPa2uW,0,1,0
R_3kcvEf26KTYydPr,4,1,0
R_29plEDuuoJgqT74,0,0,0
R_3nvlhy4zBHkFfw8,5,1,0
R_3oKHlp8IQ5g5fgw,0,0,1
R_3PNRVwSyvYLJ4Rh,10,1,0
R_1QMfWPg0oY8vd1Q,0,0,0
R_3O1DLGqu1kDiXFQ,8,0,0
R_2fuGQvart2eQAFC,6,0,0
R_3QSb5MiZtGwtRRf,2,1,0
R_3HMlsHQ8D51D7l8,8,0,1
R_1dizC4H87bnJmku,10,1,0
R_10NS7YrptlflLE4,9,0,1
R_3CCtgOaYz2C7AQw,0,0,1
R_1FJ4joxZQGRS1e3,10,1,0
R_3s1fUIqjVinXwBg,0,0,1
R_3DhFj2nNXgECQXc,7,1,0
R_1gelngrW0HsrLyd,2,0,0
R_3n8KuxVddCWIino,8,0,1
R_1pGTqd0wiSNhyFX,4,0,0
R_1oBEPW8RlUWgKlO,5,0,1
R_1RJv0AUF8Rvu9SV,5,1,0
R_2tM67UpCzYCKcW0,1,0,1
R_XmPwZJXcNWyg1Ut,1,0,0
R_ZJFilJyHwuHSXrr,8,1,0
R_u9TeULb7sKaPvW1,9,0,0
R_1Lj9aL1LgIpy7Kf,10,0,1
R_3Gew5U348kw6V0U,10,1,0
R_3hymBp2afBF1RoE,8,0,0
R_OlZ4K8Ah4AsCguZ,9,0,0
R_3Ht9bQeZoB8rv4d,4,0,1
R_2YyRpzyoqltqlKs,0,1,0
R_2cpdPF0JjqTNEyZ,0,0,1
R_24LVV71qyEyICNW,5,0,1
R_10uXp1clm18dV0J,1,0,1
R_QgEqheaxK9nbWCZ,3,0,0
R_DSmnQq1LyZXtmMN,0,1,0
R_2yjRXr33cIF0bAx,2,0,0
R_2f1gQLmg1585hJN,7,1,0
R_11XvXbmtJRMxuPf,2,0,0
R_2A1oqCEOmlZHcvE,7,0,0
R_3h4ry5bA2ELKJ17,6,1,0
R_z1OrsW6nLFxURkR,6,1,0
R_r6kOlkvrJxucXpT,8,0,1
R_1eyr2FbksDO4nyw,5,0,0
R_2V8B0qxOzYF9qfZ,0,0,0
R_NW7mUil5NO0sm1r,0,0,1
R_3DhaF8ss4wY4Vht,1,1,0
R_3ksTnjTGygVkrdo,8,0,0
R_2wtqCUCwJ5SR53c,1,0,1
R_1KiDAtUUjL9RGya,5,0,1
R_2zuUlKykqHLEbpN,3,1,0
R_suvdlKdK4mTPYpX,9,0,1
R_1BY61cMsIzok8ZD,3,1,0
R_1Ky8X29i9jmvFsQ,0,0,0
R_27doajkt46WrxtF,0,0,0
R_2TKVMEu9cHrCZRQ,0,1,0
R_3qwGM984g01f44m,8,0,1
R_2OZvZlyFrGSaV6t,1,1,0
R_2DOZc9d5NgSFfYa,4,0,0
R_s4CeX12O2Y0F5Dj,0,1,0
R_33s49V9yTYTwTAf,1,0,1
R_3HCwtA44m5GLlrY,4,0,0
R_2s6jGhccCl8m6El,0,0,1
R_XM2fNf7o4VAiLFn,0,1,0
R_3e3pOTZZ3bsfvo0,4,0,1
R_3CTMd4lsZRhKdTP,0,0,0
R_XGRDh8nalNdi77z,6,1,0
R_27xjuFTE1OZo3QQ,10,0,1
R_3hlJsb3cJydck7Y,0,1,0
R_1N371Tq11stgkoU,2,0,1
R_22PrgoWyUx42VX5,5,1,0
R_9uDvQzqGGImDtnz,7,0,0
R_XNEqVYlRwA1BE7n,3,1,0
R_XuF32gXqT49gKhH,5,0,0
R_ym8kD7icZG32Uud,0,0,0
R_2CdkkKNlITAfzfF,4,0,1
R_agG6Wve2PKYFY7T,7,0,0
R_1InmsnjPWySD4vQ,6,1,0
R_dbuSRLVD7uKQwJH,7,0,1
R_qEGYXwsXgAXZz8d,7,0,0
R_qId3FsmlX7PTltv,0,1,0
R_cNCAgrRL5cq4ucN,10,0,0
R_0fcRAmRLrsra2xH,2,0,1
R_zcWCn7XljEp3dqp,1,0,0
R_1gANtmyASRkCnqT,2,0,0
R_Qhm1FWJrwVnNM9r,10,0,1
R_3oTIRxSV4odFRDC,4,0,0
R_2Y5M84YVBkvzrd4,5,0,0
R_1FFYJXZgXn86TY1,0,0,1
R_1F3QEPYZv79favN,10,1,0
R_3iX2IjQ9HwL5n6V,7,0,1
R_3dEvQiYWLDZkrGD,0,1,0
R_1Q57LgG7FgKzVsn,10,0,1
R_3lVl7YbEIqiNY09,5,1,0
R_Y2XKzRu9YD2M5ZT,6,0,0
R_DdUjZDqO30dbTtT,8,0,0
R_3knWqDJyOyrNqgn,10,1,0
R_1OxZqyxNfLYPOUW,5,0,0
R_3LXTK1TukuDUd1z,7,0,1
R_1r6shYlYoxy1GxN,2,0,1
R_Ulqds5vxJXGz3qh,9,1,0
R_3g6OH6MC0L178Pr,3,0,1
R_bNP1Kfqdoomqgcp,9,1,0
R_2eRrz3VuojDSoRg,9,0,1
R_3311cuXntNSO9HZ,6,0,1
R_290MeMjj9iRwWCt,7,1,0
R_2tEHqA9DsqqBxVg,1,0,0
R_1GDlyuwCjgAYm2d,7,1,0
R_vqXKbJ9QdWd8DK1,10,0,1
R_6Wn5lUjHDB9jOwN,5,0,0
R_1Qo5vFVCU43oDc0,6,0,0
R_2rluNBEsHFXgTiq,7,1,0
R_a36GE0YehGBa2yd,9,0,1
R_2uHXMs8Tykvuptv,7,1,0
R_w7DGcZCRaVxSTlv,9,0,0
R_3HHvB7Em4q0HHRn,1,1,0
R_3M3WmlhpN7LgXcL,8,0,1
R_3rOKpDM2NTaNs1J,2,0,1
R_1PTqXpSmlkBlDWq,7,0,0
R_sHAo4EFrqrcGsV3,7,1,0
R_2wLlMNNgN0g5o4t,8,0,1
R_AuFCDKGCsm7NQ1r,7,1,0
R_1EbvniK68O0BxuB,0,1,0
R_33Dbx9BL57QiBf1,8,0,1
R_Uuo8Ni8y4Zrv4hb,8,0,1
R_OJT5daxdAbMQuhX,2,1,0
R_2y3GIOmH8T656Ie,9,0,0
R_3hzhgwqlH33qbbJ,5,0,0
R_1guoYXjIzsvpXUB,4,0,1
R_2BgGQEXjHzRnnj6,9,0,1
R_3HSBsf64WUYlZYZ,5,1,0
R_2TKKSvizaQZuxG1,0,0,0
R_2f1GRrJqm3FDHkK,9,0,0
R_3I5isXgrWJXaoJk,2,0,0
R_OPffuEkj7xYzUDT,3,0,1
R_8xhDEXBw8f2LMIx,6,0,0
R_33BdHanVBhdLreV,8,0,1
R_reD9Hie4w3bf2uJ,0,0,0
R_1n8b9FfaCl72RCR,1,0,0
R_UiR37GlYoB4QlwZ,8,1,0
R_3j8LvK1OGVSGMaz,0,1,0
R_32PbASLOTSxO40T,10,0,0
R_1mQvxqBPlCuJIaH,8,0,1
R_BKA0edxOsJkWGIN,4,0,0
R_27vY1IokwZ9Lllv,6,1,0
R_123Ty9uXJnqXwiG,8,1,0
R_3QXjlgyYdNMABhK,0,1,0
R_dnXlBzT2lvTMteF,0,1,0
R_blqwhJMrdk6uSAh,3,0,1
R_rirXL00QuszifLj,2,1,0
R_23VRKA7Yqzr1hfO,5,0,1
R_3fpKeAFryTCZa7Y,2,0,1
R_27VHYMTWdP24XZR,8,0,1
R_5bRJ3lbrFerDFSx,9,0,1
R_2RVejRm6n39FtJw,2,1,0
R_1dta3loKFfC7hPl,8,0,0
R_248yvqtvTxxhirj,2,0,0
R_p3F2Db3jsAHli49,10,0,1
R_3hawciWfRSCCd93,7,1,0
R_1eQs4DqrH0ijxNO,0,0,0
R_9GedTcTPnh5reXT,5,0,1
R_bg8ArydpAgBwRnr,7,1,0
R_1QyAG88Jk522buJ,8,0,1
R_1lhmTheYsJ7AJQ5,8,1,0
R_xFAmd7O3ByCC4vf,7,0,0
R_Rn2V8jGoWt3yHzH,10,0,0
R_2v7md5M6zkR1WGP,8,1,0
R_AjjqNyn9IK2XT5T,2,0,0
R_YPvJNauH3Ir2A9P,3,0,0
R_WD2RwtMboRWikBr,3,0,1
R_1dgDGulfCkN7VFh,10,0,1
R_RlE6Oi7moOOTHqN,10,0,0
R_1j6QG1rxWbCkCTq,7,0,0
R_W9yO3bxEn014Sbv,1,1,0
R_12hiZLzKqomW8Lc,7,1,0
R_XAEJGmmwOBiUR57,7,0,1
R_324Uczgd54WMSSg,8,0,0
R_2zkVhpukt77hEun,5,1,0
R_3J4rrI3U6VBKYcP,2,1,0
R_3G24tCU0hTRgCwm,8,0,1
R_28BuoLSD3Wl7so4,8,0,1
R_1ia13YqpuDnLkbV,7,1,0
R_3dFXmugLEEvcVJv,7,0,0
R_1qgNylMdLFEISAN,8,1,0
R_1goUV0UuhkF0TmK,0,0,0
R_beaOLzNCVZohNwR,0,1,0
R_3QPBXo8VkGy8r8O,6,0,0
R_xmcDHQIPhHkMmsh,7,0,1
R_2Po2aTOPxONWxUs,5,0,1
R_22XMclCDzyasBDi,5,0,0
R_8qU8PneNFpkiBCV,2,0,1
R_SZrAxgKyCcVNpRf,2,0,1
R_3pbz38urvDyjMLN,10,0,0
R_31SNpEtV6kpziTs,7,0,1
R_2taup07p6fF979d,1,1,0
R_eEPSht1KMSOAS0V,10,0,0
R_3lW9S4UKfmGrqPs,6,1,0
R_2QilZfXiL6iO9oh,0,0,1
R_12fpZHaOoYVQvSX,2,0,1
R_3I60yI0FrdWAmMq,8,1,0
R_237QXpIklYwJcGQ,3,0,1
R_28G5IW70eDDD26N,9,0,0
R_3LaRR7lCdVQTMJL,0,1,0
R_12r65yh0ppai97s,0,1,0
R_3fkpUk6wlvhFwnh,1,0,0
R_7ah80AYgiZRjYjL,0,0,0
R_PU8TBSOs07Ouorn,0,0,1
R_1K1G5knkAPzmsd9,0,1,0
R_3huNHeMzv9CltUB,1,1,0
R_1MWDfdEKZIKVlul,10,0,0
R_12hZ1HFXxmF44tE,8,0,1
R_3nU7ElVQPvAo1kE,3,0,1
R_1OSJr0veaim4gYA,10,0,1
R_3R2XdWEhQxcIBhQ,10,0,0
R_3OoGnIShy3hpQgu,8,0,0
R_3MybzShvxI9yRIM,7,1,0
R_29uFi4tmivIi3rn,10,1,0
R_73fG0l4KDfdbgE9,9,1,0
R_3D72NYwnnXqQtXg,0,0,1
R_1q4AHFh09Fp1zxG,6,1,0
R_12AAxUOhq2Z7wP0,10,0,0
R_3NPVoNkRD0cI56a,10,0,0
R_3GDKAnF519EOXhR,10,0,1
R_25yjUuvDnZncIp6,9,1,0
R_86vuVl9DuLSS1Hj,4,1,0
R_3qFMVZUCekJA2rf,8,0,1
R_25H22z6qJf9U0Dc,1,0,1
R_2AKFONSOMjXsxct,8,0,0
R_Rrj1hhkUmZdyvtL,4,0,0
R_24qMYJogXc8VhPo,3,0,0
R_Od6ZGw04Jf4nUDn,2,0,0
R_27BuwnxluYfuxHv,8,0,1
R_3qmlVvjJvwJ4ODF,10,0,1
R_vk0ZBwKRRmrnhJL,10,0,1
R_Zx8filx6vyyabo5,6,1,0
R_3FQYHgoh7jY9bNY,4,1,0
R_2rouxkXcF2loAHR,7,0,0
R_2OGVR5bqoXnuAN7,10,1,0
R_2tsy9NhNGeEM9nY,5,0,0
R_3lJjK8a9Yb0XWxB,9,0,1
R_3CTNOO0GLCl3Rno,7,1,0
R_a4oJILO8UhVc0dr,7,1,0
R_U9JqCY3Axu5X5Gp,7,0,1
R_3qQYgn3u06ECwxA,2,0,0
R_1DZ5kt6jUb9oJeP,2,0,1
R_1mDkbXLgFVRLGZ6,4,1,0
R_VXCmr2Eq6dBJTDX,10,1,0
R_26a8C3ZUtZoXtTs,6,0,1
R_1QgrmnHH26Z16f5,0,0,0
R_1Ky8Zc3zHL59vW0,8,0,0
R_4MAMNUqdP7oOjvP,10,0,0
R_3iqYWAY5eSGYR2k,4,0,0
R_29hNxomuxUb26r3,0,1,0
R_2OViVukdRqDekoU,10,0,1
R_1okbyKjCUtqYpgg,9,1,0
R_3gyO15gyIBGhGKd,6,1,0
R_3JiaivUKmfRJHBD,10,0,1
R_1kS4RqqplJRFO0x,2,1,0
R_Z2KLLc3ObQNVPoJ,5,0,0
R_dgnLUXJi47WBRIZ,0,0,0
R_4J8lqvHf1mwXBaF,7,0,0
R_3oI1QyAnAxxfJ9v,8,0,1
R_OJqrF1cUMvlFckx,5,1,0
R_3R4xtyHSFOwVVXL,2,0,0
R_1GVugr6Qt0ZmZCu,2,0,1
R_8psWGLHM2IVcL5L,8,0,1
R_qWUIMSnPbzLAOEF,10,1,0
R_bOv6plzPQECpw77,6,1,0
R_1pXXLhfl0ulNgmD,0,0,0
R_UbD25LDdGtaNY7T,0,0,1
R_1hT0W6EmpON5W9b,6,1,0
R_2rwMyythm6t91kQ,4,1,0
R_shRnFujj2WlPO0h,8,0,0
R_3eq25YCx4MgUlFM,5,0,0
R_vq1T2jZATWhrDgt,10,0,0
R_8rac65ls1fyaVdn,2,1,0
R_2xWYUVvPQyR3y0y,1,0,1
R_AnQc016OCcjqcQF,9,0,1
R_3PFkdAqZAo2YNIB,8,0,0
R_1pRn9bSlFJi8fmC,1,0,1
R_3NU2Ffz3fFPtWoa,9,0,0
R_262VBYBtMJpbzqh,8,1,0
R_0PTs3U7zCLfTWp3,1,0,1
R_1pWhWv2FkAiN6yB,3,1,0
R_12utY0ToIhRQjNC,4,0,0
R_2QzB9SYvvlsK1OP,2,1,0
R_3gNGk5cjgpTVLWF,0,0,1
R_3DiPaTAQwbUSkRN,0,1,0
R_2rF3OD1WBA9RAS5,2,0,1
R_1DG6FsX9sO4b6iz,10,0,0
R_2B9RVWYq2UWYdHH,5,0,1
R_2D8kapPRwBjvdjr,6,0,0
R_2wzqu8C1h7fzSnW,5,0,1
R_2TplhqOMNkl7RKw,3,1,0
R_3HwsscvyBDl3tuR,1,0,0
R_2YqVwyLxILOTz6G,8,1,0
R_3m8umrZ33icz6eJ,2,1,0
R_3w4EWuibmFcIrjb,7,0,0
R_3mk8ur1nrWBFRLj,7,0,0
R_ZjXxnJ80cac49IB,6,0,1
R_ywluyGd8PYYn14d,8,1,0
R_T5F65KeLaI2HP57,7,0,0
R_1OZDck3vMencPmG,5,0,1
R_1ps4nepk0vmq29Q,7,0,1
R_Un2670DhIGZnQlj,7,1,0
R_3HZvQjxnKfzbqRd,8,0,0
R_RnsRyuMsvNmNwKR,9,1,0
R_2SGrsuZZZOeumRN,2,0,0
R_2tg0kfCG1ZQz6Hq,5,1,0
R_2WGQIz6LgckGqlv,9,1,0
R_3DeG3LPe1oMY2ec,0,0,1
R_4IogT3PtA0wl8Xf,8,1,0
R_2Cjp3PELsdIFb7d,9,0,0
R_2s0Us2RNMMsgSWa,8,0,1
R_3kjJIz1wmOMEkAG,2,0,1
R_1hyDw77AHxIFcVk,5,0,1
R_1IymbBmCYYfUTVH,2,0,0
R_24oZEnBoNbJ7sl3,3,0,1
R_eew4AmqfL5wMd45,2,0,1
R_2zBg4rA5mwlD6r5,2,0,1
R_1obCqhlOsl6l5QI,5,1,0
R_2vcuxAikePyYXQB,2,1,0
R_2Uho1qbAreefyrQ,5,1,0
R_28IBX2jLHifHnOH,6,1,0
R_OCs39uHjOAmlsQh,3,0,1
R_3KTTlncXsUxXSmS,0,0,0
R_RCCzfBbYFWkxc3L,7,0,1
R_3R3lSuFG5FwCVWg,10,0,1
R_dg4FzmrGlw5uIkF,0,0,0
R_27ExoiInI9v3UQf,8,0,0
R_2riImLyyJ6w4BhN,0,1,0
R_1prR2518C4QpWrU,0,0,0
R_1lrxmIytrfbZ8dD,9,0,0
R_1ovGa0O6FcAdjoj,0,0,1
R_33qfNQyUPorHppR,9,1,0
R_3NyrBPoBJN6Rmq5,5,0,0
R_2wHpoiVC07lSy2k,10,0,1
R_1GIDUy46WP1zRW9,4,0,1
R_1jxjech0vT7rUv6,7,1,0
R_XKR0bsq1Sn5RGEN,7,1,0
R_cJfSlzKRvzfgTtv,4,0,0
R_DVtkiNRCpGk6Z9v,4,1,0
R_3jYBuQ3qN38goAG,10,1,0
R_UYBYXbeVkeXbss1,0,0,1
R_tG68HhMPAjC4siB,4,0,0
R_1GPuxRyxqE6rGca,5,0,1
R_29gF0EXDMyThExi,6,0,0
R_eKIMuMpDMn7KY7f,6,0,0
R_2tnkdYkQHuvz4ET,7,0,1
R_1HhJV142eyGKXLO,4,1,0
R_1kLhjxro2VwJsBD,6,0,0
R_3CPck4fnUqsqecJ,4,1,0
R_2UcjjQW1dXEJCzA,7,1,0
R_241Mx5sHPzgwDp3,7,0,1
R_3paRfOzesu1JGfO,7,0,0
R_1lbo0Jnlhl2eCp7,3,0,1
R_VNYDq4qURGM4jxD,8,0,0
R_274fqQ2UoNFiblF,10,1,0
R_3lslHzNVK1J6Mq9,6,1,0
R_rj6R8weV3H9u2Ep,1,0,0
R_2Ck9x2yuCce4wqi,4,0,0
R_PSDxIqOcXyfiRUd,6,0,1
R_aiaNOmnNBQvTq5X,10,0,1
R_1OZHjPBlgq82REv,8,0,0
R_aV6gH11FdsiSGNr,9,1,0
R_u9THct5JcDWeflL,3,0,1
R_1CyfaD5NaV5e1EW,9,1,0
R_2YDLBJnThoxFtY9,8,0,0
R_2EmEiJH8RH866FK,9,0,1
R_2rwo4lsbbUxI3Er,0,1,0
R_1QElLZfmptD8d9p,8,1,0
R_3JrY1tMvDc13QXe,10,0,0
R_1FtvZLhxj7ANj28,1,1,0
R_2OVbIa3v7S4MhLz,8,0,1
R_2htjtBf1ZdHCIx3,4,0,1
R_AASznlL0otzl2i5,5,0,0
R_1JQK7IyMOZfxJnR,0,0,1
R_1XtwpwPzLzFPkd3,6,0,1
R_3D0mLzCMCT1IFwr,5,0,0
R_1kLXBmWKL5i9Y0p,0,0,0
R_1MQYa4RI9xebcOd,10,0,0
R_3lWcFTB60MlPgXO,5,1,0
R_3p8SbEnDe2wA1Cg,8,0,1
R_31Af6aisvW6tg9e,5,1,0
R_UuOWxhetufCuKBj,6,0,0
R_1LOvgHDA5hlvemu,5,1,0
R_3QYngUgVlzDc77S,10,1,0
R_1CD9sJSWN0kxFdO,1,0,1
R_2dAZMYVmWqCOh9Q,0,0,1
R_1dNCLSjrVJlAXXV,3,0,0
R_3lzAy93jmG3BYQk,0,0,0
R_wKSRexcV5g5LGcF,0,0,1
R_26fkQKN9wpcnHeK,0,1,0
R_3HpKYMF9z4k36OT,6,0,0
R_1CmsNbbpbs2TkFL,10,0,1
R_SPJ3GegeeG053K9,4,1,0
R_3fBRtNTX1hXyR3P,5,1,0
R_3JgvUQkjkpo7RXG,0,1,0
R_6AxYWNrnMHAzX8J,4,0,0
R_1dFHqgXZ3QRtHjf,8,0,0
R_2xyFKyfEITuPTGt,7,0,0
R_0VdskW0J3F08rx7,7,0,1
R_1E5QmAiT0LNTRxm,0,1,0
R_A6xLLcH9AfJlIsh,1,0,1
R_1QKmUipk6hYBXmb,5,0,0
R_tRFaTzyO4IScV3P,1,0,1
R_1BQ0AhYsTm3NarX,0,1,0
R_xD6lXRlm473ytDH,4,1,0
R_1GUg8bORasdPQK2,7,0,1
R_1Cd7qrlHl8krfye,8,0,0
R_eYbVDLjBi8AGjgR,5,0,0
R_3qa6gajYxSZ8YXG,9,0,1
R_1JVcKgjbt3eGXMG,10,1,0
R_272IueFUnEYvCGg,8,0,1
R_2YlH3D5ctgnQHQo,5,0,1
R_2Y622NAXiYowOtq,9,0,0
R_2SkoNpKvNP9kfPz,8,1,0
R_3R3M1YnAlqBsrIG,5,1,0
R_1r3A3LCvtnp9K3R,1,1,0
R_1oFpiUwlHGyLoRY,6,0,0
R_3GxN044VsMIL0BG,3,0,0
R_78HRxxNYbLiCCwF,6,0,1
R_sLvAYuwivuA8GaZ,3,0,1
R_1jPoCAoJbdRqMjj,8,0,0
R_0JtGI7rdoECmrE5,6,1,0
R_STV8jPD1nIOCjOV,0,1,0
R_25WoarBRKuDqBiV,1,0,0
R_PRuTw1CGRIbDj7r,1,1,0
R_zTZTBAhRHkXaR9L,5,0,1
R_3dY2DCAzwMFhHOR,0,1,0
R_3QDaHi5iIORjsOd,0,0,0
R_1LSt9oyAPPp6Fu6,1,1,0
R_3kLlNOUfFP7Akuw,2,1,0
R_Wj0NaSxNP9OnH4B,2,1,0
R_1l0pDBw3HVVgNoI,5,0,1
R_5pB2HtQeGv23Us1,9,0,0
R_1C3G6oDGrKTdMge,5,0,1
R_1eKkWJ5kyXirtQO,1,0,1
R_1GNdulD3cB72VXf,5,1,0
R_SP3wcpNJbg8in7j,9,0,1
R_1NwB9njZIsRqlGG,10,0,1
R_2S32xpW7aJLeIl0,0,0,1
R_cAB91t6Hujem5CV,0,0,0
R_vVMNy2RwKzFGKOt,9,0,0
R_2WP7gk4YeSTAJsX,3,1,0
R_2WJAhvIq5hHaLmm,10,0,0
R_3fpM55VfhJUf7mT,3,0,0
R_8oaZvCzZTBUzMiJ,6,0,1
R_3PTfI1nAO47USBU,2,0,1
R_11iFCPiwwJOF8Sx,5,0,0
R_2WYht7AlrXrCfLZ,0,0,1
R_3HMuqRZ9aJr2Fz4,7,1,0
R_2YMyPS3DVNvImj0,9,1,0
R_3kHc0EGJRGUWhIT,1,0,1
R_cGaT8cbdvh63oHv,0,0,0
R_1dN3NNcxxXgYGq9,7,1,0
R_1OBjz9a59hYyuZo,2,0,0
R_1M018dTdvtwewbX,7,1,0
R_1I75x567303irX8,0,0,1
R_3NQmsIqW2NzMhna,9,0,0
R_1IfB4EA07Wdvb7r,10,0,1
R_2Yn7QYjAZ235SmM,2,0,0
R_7VXeeaugXRwx6pj,3,1,0
R_Ugsz8eFScplgGRz,8,1,0
R_2CrkS4c2nzDhHHT,7,0,0
R_3NCewc3Nq8loKj6,6,0,1
R_28XM7wKUa8UhjYE,7,0,1
R_3iL7ILRtr8GuiS7,0,1,0
R_4SoeN0UXJqCtkt3,8,0,0
R_1mDlxbNQYoyJ6l2,1,0,0
R_3G38N35m6gasTrx,6,0,1
R_3iWMFXztr5R7BDX,0,0,1
R_1QAc2kt5XLk8rZZ,7,0,0
R_2QnCivWJhw1WKWZ,9,0,1
R_3m2cyCcLpJ9Pqms,8,1,0
R_vP6ogduLjT0YBpL,7,0,1
R_1jCHfK22oAl5azG,5,1,0
R_vPk7P6sc6SR97H3,2,0,1
R_1ghjRNyq9Qz0frp,8,0,0
R_3KoUwrlI1yMGw0z,10,0,0
R_OlGeFXwctM4NnoJ,4,0,1
R_27et78u5wFaRU8Y,2,1,0
R_22yRBL36TIO5dgo,8,1,0
R_bJgpD9xPXxdqWlP,0,1,0
R_3syrU4Zob5X9KhL,5,1,0
R_3kbNDlktnjBeqVI,7,0,1
R_1gp85DFKoqs4GCM,0,0,0
R_ene6GYMnVjnqBMt,9,0,0
R_3elxTqraC3NKlbh,3,0,1
R_1NqbdSmQgD7JGeM,8,0,1
R_25uT6yjGDvLXbYa,6,1,0
R_3ixMvLcn8WihSQ3,6,0,0
R_2q96Mj9GQQvEiIY,3,1,0
R_1MWDqOnpfLFAzsn,9,1,0
R_1Ltfl179JSU4749,4,0,1
R_2S2J8c7NX35kIUg,9,0,0
R_SJiJ96tJu8zItRT,8,0,0
R_eEiojb3rF3q27y9,7,0,1
R_3flMZx8uQJmrIB7,0,0,0
R_3Ma5VwvFEgkcS2I,8,1,0
R_2pWYbe4hZqEBTCp,7,1,0
R_25LwZwMZaGwOxLR,4,1,0
R_7Qy1x9Le9BBMJG1,10,0,0
R_2QE3MlaFZuzcQ1r,4,0,0
R_1K6zrciZDBVeTIV,7,0,1
R_3OUSyBeKPzUB3ax,1,0,1
R_yKg58SMK6Kicqqt,8,0,0
R_1lbDiJzuBZYE9br,10,0,1
R_2ty9cg24l39gw04,10,1,0
R_3dTecGYFSwdQI7c,0,1,0
R_3ht3iY0jQtYOBFA,0,0,0
R_3CGYyjgvnITkzIR,6,0,1
R_1laUQyfRjwrmQ95,0,0,0
R_2EhtJjmQ6zsTiXl,7,1,0
R_2ROJLa80Yfu4GEI,7,1,0
R_2q7qIipVuqaWP08,7,0,1
R_5u0HsE5dKW4cK41,8,0,0
R_3JfxDTdr67Pvqfz,3,0,1
R_3mh3Bn6DZWIUiUZ,6,0,0
R_1kMl0nK6IciWxC5,7,0,1
R_1GylOlcJP8gDlYS,0,1,0
R_1jO1CL6f4VJjdSp,10,0,0
R_2Y3ywRieUqToHJw,9,1,0
R_2torCOzAIibDvlC,0,0,1
R_1K1Pds9AdCcG9KY,1,1,0
R_1INqk3FiVjFp1ME,0,0,0
R_5pgVTlJh1Pux6x3,4,0,0
R_3EbEfpCiNYfjmQ1,0,1,0
R_2taLzGxbRzTmaQ8,0,0,1
R_3EjaTF9mGYA44eq,7,0,0
R_UybOnx31zoqxNjr,4,0,1
R_2dY0zxRWNLtDP4Q,9,0,0
R_1eQPX0Rwe6DX7jR,5,0,1
R_1OpFosDuRkKwa1Z,7,1,0
R_3QGI7VV9eoK500U,6,1,0
R_2U3Li8s1embHicg,5,1,0
R_3O2eK7s4geVzEV4,0,0,1
R_2SoCIH1gxIJsiVy,7,1,0
R_3Ok25wUpuF4R3gF,5,0,0
R_1eVswMulJDNaC6j,8,0,0
R_3HGSpyUH1KhM5b3,6,0,0
R_1CpTo7Z5EXL0P1N,7,0,1
R_1FlzJXlPBe7HXkJ,8,1,0
R_26eCawlWX9FtLtV,8,1,0
R_3R3LdR8OTkM9f8L,5,0,1
R_aW2j4Rm56ZtmO4h,0,0,1
R_1IKQJqcILuCK7S2,5,0,0
R_3QPBUhDfsR17DFf,8,0,0
R_6WGP1YfCgithMeB,5,1,0
R_By0wGEwLp0CpQFX,7,0,1
R_2CHfaitj7y519JH,6,0,0
R_3EA9AeMJKXNCE8X,4,0,1
R_3p5y0B9oAVr4SZs,7,1,0
R_26mvrq773t3t4ex,10,0,1
R_3NIF4aIWwsaRhky,0,1,0
R_3NQeOGZFxJDlrNx,4,0,1
R_3JwQWl0d07LfJpL,6,1,0
R_1dGMcW2x4cIRkOh,1,0,0
R_302cq4WD7ZHePaq,2,1,0
R_25Lrjm88zVGWTC5,8,0,0
R_OcWxKZ4Bti1yLtf,2,0,1
R_1l9IHGaDD77yjYX,0,1,0
R_Y5NzcaguqlghNG9,4,0,0
R_3elCDYdZBBb2WDx,9,1,0
R_1LnT5PHV9MMWv6x,3,0,0
R_1EbN6YmHiTHbV5c,10,0,1
R_21ilhGpk9VC7klO,8,1,0
R_1n2PNVRfPnKzV7X,0,0,1
R_yrIvWMud8tBNHZT,8,0,1
R_1MrTQVL0QWu3Dd7,2,1,0
R_3kLkf6u0idRt7KT,5,0,0
R_2bGFuisAFcTfnGh,4,1,0
R_21upajG8EdIWGpA,10,0,1
R_2pWCMoaArW1DguB,7,0,1
R_UyhzGNHc0MHHBux,5,0,0
R_1mI8BHiI2N0ewVK,6,0,0
R_27KzNorLkB4wh6N,8,1,0
R_2AGs7EPmVLCVHaX,10,0,1
R_U9F7boEvOUXCEdb,8,0,0
R_3DknJgv2AQWO5FA,1,0,1
R_UDD6oHqNttEO157,4,1,0
R_U9kjz98xmREg8fL,7,0,1
R_3mk0GdAinLu6LIt,5,0,0
R_zcly85qMER5Jasp,2,0,0
R_24LTwQCguAcJp2I,6,0,0
R_UoxsPL11u2NwVHP,6,0,1
R_3szeQaLbsW4qJaw,9,1,0
R_1lbNEjoU8GeXnYj,5,1,0
R_1n0detoCg1dbuhj,8,1,0
R_2xR9PNWYfQN2jLz,9,0,1
R_25QTuPDaE2YsH67,7,1,0
R_3pa4EWZAvcYdMkz,0,0,1
R_2wAIQdK7aqM6HsK,2,1,0
R_1igucJ2pp54wi9X,6,0,0
R_DI9HU2SVBAFR6p3,10,0,0
R_3j1IZ8BdZ52EEgK,4,0,1
R_TuRBinROM8fCkKt,0,0,0
R_27wArtTPmoH5faQ,0,1,0
R_1lhn9O5ZEkbYsqX,7,0,1
R_1oaOaNJ21jBHOam,3,0,0
R_1mOhkhZy3LhvOGS,0,0,0
R_3NVAO8p6msyH8mE,2,1,0
R_Oj1c5lsAwZcBnFf,10,0,0
R_6L0k7YZ0qS8HtVD,2,0,0
R_utfMGCrTPnKtqDv,1,1,0
R_3gXx9xvlX5mvNw9,8,0,0
R_1inhuJnJy59BazY,8,0,1
R_8Dqdm8OWiDEWsr7,0,0,1
R_1CyhYXafUoB1g5u,0,1,0
R_2alUNfTLyaBqKT1,0,1,0
R_2EgBLrUKzspIK3D,3,0,1
R_1QfM2NRnW7hYhaq,1,0,0
R_2EAl2Aog1whJAQX,1,0,1
R_1eOV16jS5SoSV5H,6,1,0
R_1i8WOKthjW57ltz,4,1,0
R_1LvcJFGmX9dFhF2,10,0,1
R_2B8nLw4vd8rbaGF,5,0,0
R_1dn5Ir0FCaTgr12,7,1,0
R_ZEjhvfTt99eJh3X,7,0,0
R_2dRw96urX6Jxw6n,0,0,1
R_2TXM1Vz2BDuX6Kr,9,0,0
R_0uk0R1ToHauI0ud,8,0,1
R_1GNNUPCLMKdcKGm,10,1,0
R_2zCFvXswq1mC1Vz,6,0,1
R_1LFZWzILzKyLPuj,0,1,0
R_8r0cKtxGIABdXcl,6,0,1
R_2PAwzq4depb3ckd,8,0,0
R_31GVHyzmeaVE1Ta,9,1,0
R_88ObIZVQ8mbuXXr,7,0,1
R_2t07VQOm1NsgPcL,5,1,0
R_2RWy5odVaNYzwts,7,0,1
R_1pKFH0Led6jslfP,0,0,1
R_27PsHiXH7TCxGrM,3,1,0
R_RJCPYLvYbg7yyaZ,6,0,0
R_2QRnUehA19ibN0Y,9,0,0
R_3CC78wQto0yZTKM,8,0,0
R_3Dcl14sEBBI1dJY,0,0,0
R_1mmgCjoh54DKKHr,7,0,0
R_3j9jcIsAKsdAPVG,5,1,0
R_1NsrCpBhp8qdx74,8,0,1
R_3LZtsK1AGbu3CCI,6,1,0
R_3hhwhaohS3Xlvvx,0,0,1
R_2XdQ5QVan0ZPgnm,6,0,1
R_2CqeVgzVtVpGc95,4,0,0
R_3e2Wr7mKrWRpU8V,4,1,0
R_129G4lBwTnq6hxZ,4,1,0
R_3HMQtw5ARA1KSlu,2,0,0
R_27g0Jsd3lS7DICe,0,0,1
R_3qEjUXCA4kfEYTI,0,0,0
R_2XiLUM1RGjlhcSY,1,1,0
R_3MaRkIYkbHPk1Aa,7,0,0
R_24IuRyTMIOExU4H,10,0,1
R_2AKySXlQTpES2SG,8,0,0
R_qVF3w1nbx6Wbj7b,2,1,0
R_1OTcLEWOrb4Xk6X,10,0,1
R_1ojVVBHCY6U2dXl,10,0,1
R_323fEJim8jQHdSV,0,1,0
R_1NDNdHK62umJESh,8,1,0
R_SNXbGyvwG3yqqel,7,0,1
R_2ahFrATgeiYNo6V,5,0,0
R_2q2hDiozXgFFS4J,3,0,0
R_ym4KwGenw7SKruh,2,0,1
R_10UcsD8VVtEbhFQ,10,1,0
R_vVwBweFH39jB4gV,6,0,0
R_301OYhy7yNiCRDB,2,0,1
R_Will3tHNAKOFSIV,3,1,0
R_3PGYHxc6jiGVBdo,10,1,0
R_1mxedTf8zisqOjD,0,0,0
R_1ZwfzYQ3QlvSXSN,7,0,1
R_2wyvpHJsZGIsg0P,6,0,1
R_1LOs2eGBG5MKW53,5,0,0
R_1ZzfGzADm1O4H7j,0,0,0
R_1nVHX5DxcuqbHUf,7,1,0
R_3iyZpivxbE893UD,7,0,1
R_1induyX8Phinc6z,6,0,1
R_2DRKntzT2nyRf0R,2,0,0
R_2PkaBUtU1MmL5ev,8,1,0
R_3emNSCewMIBLnR3,5,1,0
R_2X4zx5Y18rzv2iQ,4,0,0
R_2XcBYqinBVmm173,5,0,0
R_2tgUpVtAcBXYk59,3,0,1
R_3MleU48escEzNnu,6,1,0
R_0UJwj7q30kRmGcx,6,0,1
R_3dFCzlujCIBRjVh,7,1,0
R_Z3pXbWx2mcYF3MJ,10,0,0
R_DdVNIqN9XJDCw3T,5,1,0
R_3qfJMmlFjZKyXzP,2,0,0
R_265BiE4SBAK0TJP,2,0,1
R_1dirDgyGH5OBbWR,2,0,1
R_pFeUH2G0LCdg18d,10,1,0
R_3svlhPLKyxZMLXW,10,0,1
R_25SYGBgF4cLiSZ3,7,0,0
R_2zUqfOw0PJ1gQRT,10,0,0
R_2rq5avyeIh45GWI,8,1,0
R_1QFcgN39Y7e2Htp,4,0,1
R_3hAbapI3DY83VUq,8,0,1
R_eKFXq3lpoCFcBjP,6,0,0
R_BsSOhl8Dyioh0DD,2,0,0
R_1C9MX1fXBSYdKzZ,3,1,0
R_3oTU31sTB6qouJS,10,0,0
R_2rMjU5WQ7RYCobl,8,1,0
R_12hVmRie4pGEdKD,7,0,1
R_1dz57tainrhpvwS,4,1,0
R_1r7evVf9oAjNZ41,8,0,1
R_2VOrlpNLuqZaAzi,8,0,1
R_2c7tcjzsyhoxy0B,9,0,0
R_3KOwZCdPV9fEZ73,0,1,0
R_3UGrXYJqUfp0S7n,9,0,0
R_1QLCv6ZxnKAiqMA,0,1,0
R_27vPlB1ZorbWKN8,9,0,0
R_AsXv2LKIuBiBvB7,0,1,0
R_3jYye5LLHta8nq6,3,0,1
R_3LbYz4FTgJ74l01,2,0,1
R_9z7ogOZ4c8Vatj3,1,0,1
R_27vTNKmeSCF0bIn,9,0,0
R_2TF6YPVHIRBOFpH,7,1,0
R_3dWgzYNOGDH2Ber,7,0,0
R_SJKIFSHisS89HtD,4,0,0
R_xo2lGC9MOYQSpm9,6,0,1
R_poTZvh3CcRjkaSB,2,0,1
R_6lrKIa2u7Bb2LEB,8,1,0
R_2rhW2PPXPA11AYW,8,1,0
R_3M5auQlmQ04CY9S,5,1,0
R_1BXirlqjjXw5o6i,3,0,0
R_2rq243iYmFOv9w0,6,0,1
R_1Ld3eMX41V19d51,9,1,0
R_2rwqO0CltOcLXRZ,1,0,0
R_1C1krhAboIQztaP,9,0,1
R_3Rq3WrViYvY9pdp,3,0,1
R_pmGf8x7pZ2ahAd3,10,1,0
R_ANJxQ7fX2gW9nzz,0,0,0
R_1oHlAcDflYiyS7e,10,0,1
R_eu3duZTchzG5X0d,2,1,0
R_2xz45FEXVOSF3tK,0,0,0
R_2dDOazEm4s0cvc9,2,0,1
R_3HFSL99RTubCkdf,6,1,0
R_3lPxiQNXQvm2i5U,1,0,0
R_9nu74advwOxDuYV,3,1,0
R_1d6rpYvsBHEiarQ,2,0,1
R_3rHrSlhbHK79t6e,10,0,0
R_2Y5RXJJxD2u9MLS,2,0,0
R_1Nncz5Dc8Uy45lx,4,0,1
R_2c0nDmVsC3hrfzR,7,0,0
R_z7EO704AdhknqKt,7,1,0
R_8pNCAhzNN7kdjlT,9,1,0
R_3nIBNBRQmmQhqNG,7,0,0
R_3p9KNHF3flLQOyK,0,0,1
R_2xVL55zlpJ9XHDA,0,0,0
R_1NmiYuHTj6zP93Y,3,0,1
R_bxzxsb5CVN5WBFL,5,1,0
R_3fT4bxC41sMMZdH,2,0,1
R_3Ko1L2DJffbmAmd,7,1,0
R_1LzpK4sFSx115h8,6,0,0
R_SAwet5rgdGyCvbX,2,0,1
R_3iFstO5xd1Lw3SU,5,0,1
R_9HK0SlJok8aDEGt,1,0,0
R_PAFnc9VtijNpugh,2,1,0
R_1QtQhGOVJLhiP7P,0,1,0
R_3KrRJsKVuKAeDiG,3,0,1
R_OkH7oxiv3LK6SL7,5,0,0
R_3IT7ue92c9vfhcX,4,0,0
R_27moRzlBSqhYdzo,7,1,0
R_3oZ7MWZflNok1Jr,5,0,0
R_1FnedTNZqSllkDK,5,0,1
R_3rUpxeFFXKaBMSJ,5,0,1
R_2fljtuGdvzF8EIS,8,0,0
R_BXNq7wYledAhITT,10,0,1
R_z0fcgCXIgmG4OIx,0,1,0
R_2RWVBsq6gO2KhcH,6,1,0
R_3fHOa1ThzgRMkVS,0,1,0
R_1Ldik9gLKfHURSy,3,0,0
R_1PZDcdOrIDMIq3i,0,0,0
R_z7uzr8d5vwwTApH,1,0,1
R_1Fm1Jn512d5Q89v,10,1,0
R_1DUcbvlorTGGspx,1,0,1
R_2XpKSwJdiWwH02S,10,0,0
R_R4ug1k3nRq3cNC9,8,1,0
R_3irGS3znir3GMIW,8,0,1
R_1ig7x27WYMcqazk,10,0,1
R_2wKwbUqPVeARGSV,5,1,0
R_2y1KrrpZ7MnNF0k,10,0,0
R_3245J3di8Ey0pMD,9,0,0
R_79WIvedUL3Ey0Hn,4,0,1
R_eg1iWDsRbRFmCxX,7,1,0
R_2uJVaoz63laKHOX,9,1,0
R_AuOj9HawlS0wAy5,10,0,0
R_2bUFeIzUK1sy0N2,5,1,0
R_2XbWaaEHOIQyapj,7,0,0
R_3lLxIThb1qyxYaC,7,0,1
R_DBSIlUkkXUFONnX,7,0,1
R_2xJf7MjE8X4AhcS,0,1,0
R_2fImas7Qwwjp4tE,0,0,0
R_2am2Fx73HO2QDpO,8,0,0
R_1PaVMAbjNev60uu,10,0,1
R_3itn9ud0dVblCyC,1,1,0
R_1giPg2N66VCIzEP,1,0,1
R_31AYdJJ0pAwN7dQ,2,1,0
R_3psC3wTkDcfCS9A,0,0,1
R_50BeK7DpsS2C7ex,1,0,0
R_0U7RAfTYihBhaVP,3,0,0
R_wMIWWrWPq7G5K8h,0,0,1
R_1l9moRSppAEH9Jz,2,1,0
R_3qWgpUqqMJp3DS5,0,0,0
R_1g2dbrV1RA2bsb0,7,0,1
R_3fJgWYzWloabxPL,9,1,0
R_Y3bzmfaXjg9Ci5P,6,0,0
R_1CvlyI3s2Jq8GkM,8,1,0
R_3IXM2pzuc19IhMK,0,0,1
R_3pap31hD3q04dCb,9,0,0
R_vYTQAL3z2uIFABj,0,1,0
R_sKW3lrhjvWiTfYB,9,0,1
R_2VQrlcsTtN4cTJX,10,0,0
R_SWeoYpsOhuaPHcR,8,0,1
R_24ozjzS4brhsdEG,0,1,0
R_2TZCd1J57UiGBe1,7,0,0
R_1NEoc4uv2beVVvB,8,0,1
R_By9jojqJ2JpX0SB,1,1,0
R_261ultyzzoLASCR,9,0,1
R_3CW8mhhhWsTMj2Y,5,1,0
R_3enbpPMwObRwXR9,7,0,0
R_2thTZrl1u18sdPA,2,0,0
R_1M538aMpXRm2xg8,6,1,0
R_24jUAeffIlPYK9B,6,0,1
R_3KGzUA9q6csz1G8,7,0,1
R_PSAk01hkQYNxXR7,10,0,0
R_2wSKcy9jbSVj7z3,8,1,0
R_3Oi7fP61DjSw6bo,5,0,1
R_OJRgWFujvRFl4nD,1,1,0
R_2BbtxSBAqPuQMo9,7,0,0
R_2s0cgSoNrje0tCc,4,0,0
R_1Ks5MQ0fZULjeDC,7,1,0
R_0MKZbUr5PNrtK2R,8,0,1
R_32SlXL3lTu7QtzC,8,0,1
R_3L8dRFBpImJRSkD,7,0,0
R_1cYNf0hPDfo7DPF,10,1,0
R_0k5QbNJ541VOIOB,3,1,0
R_2a8kb1U59WfMCRm,5,0,0
R_2TvjJzvoQoOslcG,7,0,1
R_2D6cg0aM7IGbc5Q,8,1,0
R_3DjyL7SsHZi1s3Y,6,0,1
R_wXVQTviSgJDiUG5,4,0,0
R_21tQz0FyjOwxulk,9,0,1
R_rlPzYnYgzLvGdeV,0,0,0
R_32Q5c5N5m5QOaSw,8,1,0
R_2Ev1skPCbrXQaNf,6,1,0
R_2WuT9d9aEtOAJE3,7,0,0
R_2Cvn0sTmGyq8Os2,3,0,1
R_2BhsFhhm2QDHj9R,2,0,0
R_2ci5NmVN58Ex8MW,1,1,0
R_6fbQZ3wjHxH9NoR,5,0,1
R_WrOodbAoB7hEi7D,0,1,0
R_TqjDhKrGP4kdVyp,5,0,0
R_PG4V48wZAmeFLpL,2,0,1
R_2eQLjrKRybzgMFQ,10,0,1
R_2z8EjydKs9sivKn,9,0,0
R_3LYciQu7peGdjmF,8,1,0
R_vCPLJXrDeKKq3F7,10,0,0
R_3F4BHEMPzV5UXZz,8,0,1
R_30u8kDaNOQ2yUWp,3,1,0
R_32XRMXrGPFNrezI,0,0,0
R_1hX5YFUVmZLrpor,5,1,0
R_DjfiWfB9ybBcChb,0,0,1
R_33joT4eD0DzalDT,0,1,0
R_12cgIGl35xDAICR,0,0,0
R_1QH13dNME5FGAoX,5,1,0
R_1OhtzH2kRrUWvSN,0,0,0
R_0dNtuDiL4KR3pZL,10,0,0
R_3hbcbdeasWTBY8p,3,0,1
R_2YgDHSV02TgLTFM,8,1,0
R_1Qu51UMtRWjSz1T,10,0,1
R_1GxZpUSWnmXsgBA,10,0,0
R_3rZAIkKrDPOc9UN,8,1,0
R_1Nbu8iUonPkMf0N,0,0,1
R_x56wG5yLRecYZuV,4,0,0
R_3kzI7KzHZcQ4ewR,8,1,0
R_1GOBEXq5OGHBd2p,7,0,1
R_26l1uMot4FXjDhh,3,0,1
R_1ikWLKQyBl64KSa,4,0,0
R_1FzIoSkNIwSdwgV,7,0,1
R_28MOQJcx7Bz9xuc,4,1,0
R_3IVPnFda1nAdppc,10,0,0
R_1EheMv0ZnNugl9o,10,0,0
R_1Oox7tZeu1l0L9k,6,1,0
R_3KMxQXCp6LwABJA,9,1,0
R_9GmBXpW0f4qORBT,5,1,0
R_1jcTyupQ1A4wj1Z,3,0,1
R_2PtGbqZECx75AAO,1,0,0
R_29ueWczT9K5rLE4,5,0,1
R_1NkmEx7Ye4TNHDk,3,0,0
R_1kRlMr7V9wRKDZw,0,0,1
R_cwjST2iuohB3Pqx,9,1,0
R_2rSIFEvRAzRebWY,6,1,0
R_2CwcpbwpQr2oFpp,3,0,0
R_2tEefdLRZwAhsX0,0,0,1
R_3QXZeSt7osAUMMN,0,1,0
R_yU7PmHmAfgG9EiZ,8,0,0
R_20TzOaPM4xIjJiH,10,0,1
R_2taHzP0P2CTv6QS,4,1,0
R_31vCzzt0muprkQ4,5,0,1
R_NXONxRUIn4GU94l,0,0,0
R_z99YcGqvVk3oBRT,5,0,1
R_3JIVZN9gh40FPMl,0,0,0
R_3EMfhGJbbqRIGS2,1,1,0
R_2vcckZ2kP9QfXyT,10,1,0
R_2CE7RtS8IdoAMSP,6,0,1
R_1QmyjsThr5ronk3,10,0,0
R_1dzWTGzfDwmbLMa,0,1,0
R_1OH5G2GbRwqtNme,9,0,0
R_2txqADlPD3d4iLW,0,0,1
R_22QYRwFueRXiGpp,10,0,1
R_R8OfToNQ4LPXUkx,7,1,0
R_3gR5wKWTEV4JAuT,8,0,0
R_RP2pY26UzSijer7,7,0,1
R_7Xa3qDCuHChTBL3,6,1,0
R_1FziwNUiSfDEzo6,6,0,0
R_1QyiQbsWqrK2PNB,9,0,0
R_21zl9BkgkSyxtXB,10,0,1
R_3EsqcRBphGa8XqV,3,1,0
R_3PRDQeUXiljMuJ6,5,0,1
R_2w04eeMou4esQta,3,0,0
R_6PXYi2q4gEi7Hfr,8,1,0
R_1LHk5WQ4pa4824q,4,1,0
R_1eRBzEGJRXlUMha,7,0,1
R_0GnTzjrog4Z6B2x,0,0,0
R_2sWPSrb6R5HwADH,2,1,0
R_1QrBHFwdvsJeGGt,6,0,0
R_3qKALP64m2zhHq8,2,0,1
R_OjNuw9HL0Js8M0N,0,0,0
R_Raf7JjyKaIDM8Kt,8,0,1
R_3PTuIWCouW6MBle,0,1,0
R_DCyvpwhXTUQu7Yt,5,0,0
R_p0D1J853toItfPz,2,1,0
R_237XrT9PjjupCjW,10,0,1
R_72mLjavjH31pxQd,6,0,0
R_3lS4YIcJEdmv4AX,9,0,1
R_1n8CvaSinxbd5AA,6,1,0
R_1f90Yx2R4AeyM0u,7,1,0
R_1plLz5E1p7vRLZl,2,0,1
R_1fm7rWXiSg13LdH,7,0,0
R_3pr6t39zSAq2kW0,9,0,1
R_1eVrfGN7lCuDga8,10,0,0
R_22QsauGKv3ROmDM,9,1,0
R_3k04C5E3dPc7F55,0,0,1
R_yTKjmLnw2Qo718l,8,0,0
R_r7sZIh9geIa496V,4,1,0
R_1dmLqN5guyvAmwH,4,1,0
R_2fkOnBRCV91rQwh,5,0,1
R_8nThFKSyhPtTppr,6,0,0
R_2QMUIfy7pRIfOBt,2,0,1
R_2as0K9TsFemGYAb,1,1,0
R_3PnShrE6UUVKpNi,3,0,0
R_OliIc4uC92W6AKJ,8,1,0
R_3DnZLijUvLlyoJU,6,0,0
R_1DCj81LEEolVRza,5,0,1
R_3rJbksjomFcbYQc,0,0,0
R_1ES6gcpFEadvnZn,6,1,0
R_3Lj1MaVfVs4ZvnF,8,0,1
R_3eskqBahBOcmtZm,0,1,0
R_3NPzxTvwG2kCnAx,1,0,1
R_2eVybs5FiX18Gcy,6,0,0
R_2VDsCwJbGn0O0lF,6,0,0
R_1DYjo2JbxRjDpdc,10,0,0
R_ymVzCFkiDnqhNHH,0,1,0
R_p0NUVok3ySHmonv,10,0,1
R_3Hj1O2rldHdiB7j,10,0,0
R_bKRH3m6ba1qZc2d,9,0,1
R_2fANH50VbXgc3lB,10,1,0
R_2v8QoAE4BeL1wa8,8,0,0
R_2DYRQ3ojot1RvGW,4,1,0
R_10uvcf9AZ4EcaUu,7,1,0
R_1iloFyEakQT3SSk,8,0,1
R_3LiJhcg6FTnTIqm,8,0,1
R_3rP9j7P6mH3Y8cK,9,0,1
R_3nVmh0ZV0OmhhOt,7,0,0
R_3gbTWHMWRDomSKB,3,0,0
R_1gTlhr2YwExhtzv,10,0,0
R_1gbyK25tU2qmPA2,10,1,0
R_3lQAWb0NN7xvLy0,10,0,1
R_3nMhBN6PVP52Di6,9,1,0
R_2yeeOd49VcSWzqM,8,0,1
R_1gj8oBSwF7ASU27,0,1,0
R_2TF5LnB1xZjxKzr,7,1,0
R_A0udsGhvD0oOs2R,5,0,0
R_1Le99dWY4dkyA1L,0,1,0
R_2zYKmppQwsH9ciO,10,0,1
R_3Pog7XD5zg7FWtu,4,1,0
R_9HatknOgiUpf3nr,8,0,0
R_25swy2dQg4iuAWo,3,0,0
R_WlHEMKXXiRi5I9r,0,0,1
R_1MKFlwnNJLGK8oh,8,1,0
R_12DqbXo9htAwQhu,3,0,1
R_1nSHCYATvRVluCf,2,1,0
R_x4p58Ne76ZozJZf,10,1,0
R_3lEcqp6MZZYMRlT,5,0,0
R_2rwkMwJNrdM5uGL,3,0,1
R_20Ps24EG18TuPRi,7,0,0
R_2V4m9PPOUDHKzIq,5,0,0
R_2EivHk8694wAbx5,1,0,1
R_AzeW82PEQKA4N8Z,1,1,0
R_1N48Ir7gsPX00CX,0,0,1
R_27DzBxzU0CX9SNm,2,0,0
R_31sYbX73VZrCjEa,6,0,1
R_2D04QuM0Ezvy1cO,9,1,0
R_1H6KfR7PnxBcovf,0,0,0
R_3qQAFHnJ2xUhhVf,5,0,1
R_1rB8QraROmbMPyS,10,0,1
R_24xc7mKBou2VakV,8,1,0
R_20V751AxnKuR9cs,1,0,0
R_WBAnvNOzfODpZE5,1,0,1
R_3Mbbif3nzMPj89l,3,0,0
R_3mjBvZH1eURopMa,9,0,0
R_2QJVDKOlwPdBMjg,10,1,0
R_2dphlnTlUFQE1IT,2,0,1
R_XtXkbQnS3v8X6vL,10,0,1
R_25KMES2bMa3TCkQ,7,0,0
R_1F9ZurlnXvcv0IF,6,1,0
R_tPXSP9lENj5ejGp,4,0,1
R_vNu1UeuxIIku3gl,10,1,0
R_pQqZQKfJpRpXlWp,2,0,1
R_4108LIHPvM96DWZ,4,0,0
R_2xRIkHebMx8VWkN,8,0,1
R_vjJHvSNzK0FwCd3,7,1,0
R_2X0ek6xAJCxVJWm,0,0,0
R_2CCDFELOCZbopLF,3,1,0
R_1gwlO0sg5qpNrHP,0,0,1
R_1kFZgaeQg3ZV7DK,1,1,0
R_1mKMC8WMCjKrJLC,1,1,0
R_2X6fyd2v8ZtGgSb,5,0,0
R_2AXq5pc2Q2hOpcG,2,0,0
R_3J4s9vo761xyx20,10,0,1
R_3huLMLU17MEykGn,4,0,1
R_z07Cu5eGSWLHT2x,4,1,0
R_1IMMObpcuSqWjI1,7,0,0
R_1hE8MSEGn46l3RT,1,1,0
R_1riQWkGudY0D99L,9,0,1
R_3kB9o1EN6TZ7eC6,1,0,1
R_vofiFrPD2O5EUaR,10,0,0
R_1d6L7f26JhiHAKz,7,0,1
R_3q8LOCx5FPRt0Qc,10,0,0
R_2Swtr02X31lXTpj,10,1,0
R_1ieprsoUbsdFZhv,9,1,0
R_3D6kTQbN229z7US,9,0,1
R_2RQD4IOdsKmHtla,0,0,1
R_dhcCNdmM7oqTcHf,2,0,0
R_SJLFXzq4DyKziUN,7,0,1
R_8HMIbhFyPV5gRJD,8,0,0
R_WDq3BKkTiMMeEWl,9,0,0
R_2RQgE5e3KagdpK0,2,1,0
R_1eLB3gLZoWyDjkV,6,1,0
R_2WS6PibwFFitx4R,6,1,0
R_27d0RKinYPEC9kh,8,0,0
R_1MRsYzaSSWmufRC,2,0,1
R_1g2rKydPPEIk5gV,5,1,0
R_3h0IFhEs8NKF7BR,8,0,1
R_10IaUz8cFPXgAV6,7,1,0
R_6DL8iCFLwfJI6d3,7,0,0
R_dgvmLh7eujubbuV,7,1,0
R_8BNjgm99iW1R6kV,4,0,0
R_3PzQsTm0eNwpQEP,6,0,0
R_TgUzeAZpX59vqjn,10,0,1
R_vu8YcBcTa56Qwb7,2,0,1
R_3kiDQLoirEgLrb6,0,0,0
R_6X8Q6sCI5ZtV3Q5,2,1,0
R_CdDtHOEvH1eNFC1,8,1,0
R_Td4eGlYdjjmNiud,10,0,0
R_7O4Xob3RIZ2cOop,0,0,1
R_1QFR98PqBmx968A,1,0,1
R_2YQESrUX3AoLzuD,4,1,0
R_9og96k84LrZUMlb,3,0,1
R_3EoEmIxAN6srG2X,3,0,0
R_3F265GQGPJlm50k,7,1,0
R_8cQas3pcy78CPHH,8,0,1
R_21hbwXfSkKgrgUj,7,1,0
R_1mloWDoRst2ryjP,10,0,1
R_1C9DMg6qA5zurL6,1,0,0
R_3rPyniUNjbFJyrN,0,1,0
R_2QDwosNmSyrRtcH,1,0,0
R_28HejmE3q1xJSOG,5,0,1
R_2e3b99M8DhnZZtx,6,1,0
R_1FQfepTKUYzYxVW,6,0,0
R_2dF8d2HojrpNXIK,3,0,0
R_pL7gRttqx6iRhcJ,7,1,0
R_2hP6x7Z1mvMjwWZ,7,1,0
R_DwUSIQzROxLEm5P,5,1,0
R_riGkEGc4aSwaDu1,3,0,0
R_1jTXkpx7vQmXJ7h,7,0,1
R_1F3WSFfVIyB79r3,2,0,1
R_6WPUhFMeCshfmCJ,8,0,0
R_3huRKykcvu6V0K3,0,0,0
R_1qU0S9AKgO0kDNs,8,1,0
R_3dXp22wEUV5hUGY,10,0,1
R_SBMUkW8kqUqZ601,5,1,0
R_1i2Os0cyPnPchKz,6,0,0
R_0cC7zCzLTVAiHZf,10,1,0
R_3qVDI4XtH4Dx3md,8,0,1
R_3iWJMjeuElXCva7,3,0,1
R_1exANVP6NMVmJG1,4,0,0
R_saPjf7cO27npRpD,0,0,0
R_2B5xGp7z9QyW0FE,6,1,0
R_2rN4rjUz0XUS4ML,1,0,0
R_2D7zp07Ht24qqaZ,0,0,1
R_6sZDHBFJUC9S0ff,0,0,1
R_2gFqQLbCodj72Nj,0,1,0
R_1QatWC0aYnay1yp,7,1,0
R_1kOlZgbImiT2TfB,5,0,0
R_3mml7r6MXZcjWru,5,0,1
R_3hDqH4Cgk1BRiwu,5,0,0
R_2vYN5eLtRaiJNDv,10,1,0
R_2bW2BIDrJuX1OGP,3,0,0
R_1isnVqUiiU49M7f,5,0,1
R_1mK42omnzyHOQQu,0,0,1
R_1otG5sndRzsbNay,4,0,0
R_D5BnLRkGrdsxULT,0,0,0
R_roTvYf1VJvanRvP,0,1,0
R_1BW1zs0qKuLNQfJ,5,1,0
R_8IX1dVk2Yr1HCdX,9,0,1
R_YXLsa3L7uyD7GMh,2,1,0
R_0weJyLFO2mfrBVn,0,0,0
R_2zNKuXR5DyXk9Ws,5,0,1
R_CeOoS7WoESITEyJ,0,1,0
R_A68OfWstgegvYzv,5,0,1
R_3PnqKA2GhD5GJp0,8,0,1
R_Dq4zUrFxV6saS09,4,0,0
R_1jK8f0j7a6ZgGKx,7,1,0
R_2Tq0a4JJm2ihm3j,8,1,0
R_2YDKpnqi0oQAsf9,0,0,1
R_zc14LXCySyQZABP,10,0,0
R_33qiwxkL6BAUAKP,9,0,1
R_20Utn153I3LeTg0,8,1,0
R_pFMhoGvc79qWQW5,9,0,1
R_3jd1DBUaCpbFcvr,8,0,0
R_2E4AbSnNuhqxxbO,0,0,0
R_3MhsDy9vU70SBVX,5,1,0
R_3DcDuZgKVKbSCT2,6,1,0
R_3PwbMHHgowV3Sv6,0,0,0
R_2rkXxU2ZC2RGKUG,10,0,1
R_1roAv1KyxpxjrND,3,0,1
R_O0sfUSSHF312zPb,1,0,0
R_3e2JLefFdkgHOv9,4,1,0
R_3s0U9bFbVbY3oRd,9,0,0
R_2zZQQ9rJWa1MMgh,4,0,0
R_2rSztVK2NrcgyVU,2,0,1
R_29oDsEj5nLtRBRn,2,0,1
R_1rrcCmFQrIt54Xy,0,1,0
R_2E12IdDbfT9w4Ty,4,0,0
R_PzV7EJGm8PsLrcl,10,0,1
R_3Ld981IYXQP65Di,0,1,0
R_233OXc7rXSdDPze,1,1,0
R_pc2gE7kbYye719T,10,0,1
R_OJNRilDiXt48Tm1,5,1,0
R_afMesk0Uarzxr6F,8,0,0
R_1HkKEawWcNaLPkQ,1,0,0
R_2xWW05gtqzLKp89,8,0,0
R_2dzRaFHIA7wCGr0,4,0,1
R_2PoLQGUcHXfAnVi,8,1,0
R_3PAFWopDeEzB0Uu,0,0,1
R_0wHQgV7FOoNaBNv,0,1,0
R_3kOkRLsNawZRRMi,7,0,1
R_1H7WLF9ilTr4rZW,8,1,0
R_1QGeuXiBGnwOxqk,10,0,0
R_2WOtoAfwL3ofrXc,10,0,0
R_3qrpgbuQEW2acJO,0,1,0
R_Dq0obq0X4qZj3Al,8,0,1
R_3G2pBnLKEaSCr4w,5,0,1
R_dn88MjfK80Oat8t,4,0,0
R_25FmJX1HTbwoWzZ,10,1,0
R_1K2Vn0rjZas5znK,7,0,0
R_sSgtnPIzEKqyJKF,9,1,0
R_3RvJ9lWQiex2ncK,4,0,0
R_1eyQe61ezESo2J5,3,0,1
R_XYVPSYa3EWKIYj7,0,0,1
R_1esk2wlbxF684Uc,5,1,0
R_OP9dRu4BIfvqHst,5,0,0
R_1DzF4pWk1JRoJSO,5,1,0
R_1QMzkDolPg8SFCx,0,0,1
R_3MtyHQ1l5PdL6ue,3,0,1
R_3Nz8FXstRWBuKkt,8,0,0
R_2dW6bRnP3aLGgGC,7,1,0
R_3Jg5qvIGexT7abH,7,0,1
R_3QKRGPE1sUpugwH,1,0,0
R_3knbveigX8moTx1,3,1,0
R_3IWEv2IzNKttOz0,5,1,0
R_3DwGGyYXsKv2dyi,6,0,1
R_2fxF0uXJxR5DoHf,5,0,0
R_2eXxvxCuKCLnRfM,5,0,1
R_1K9AllWGJibTicH,0,0,0
R_1hEAJFvKuK9v700,0,1,0
R_2xOZbIdEWoNR0Br,0,0,0
R_1IRYV07BdxA4SvN,2,1,0
R_2P5wXAZT3SXcSoK,1,0,1
R_Thir9KL9tSZvJMB,8,0,0
R_2B9i7JBCkGQKOg3,5,1,0
R_dhEwCzLZM5ZJxv3,5,0,1
R_2dzjB8za2pEIZdc,9,0,1
R_2tfKpqnHyDuV1Ct,7,0,0
R_2EF6tY7mrvlnsdZ,10,1,0
R_3smfxBJI2R1Unvc,8,0,1
R_1NxIVB9Cxwx5SwE,5,0,0
R_1gw445Ib0rooSTg,9,1,0
R_2xWuAHtswLYN1iM,8,0,0
R_28CHdINkVnpb7eq,6,0,1
R_efmERploztJfYEV,2,1,0
R_sjMGM0ccqKSurE5,1,0,0
R_26gN1vNgoFowS1M,10,1,0
R_240jSBE3OAwsAtt,4,1,0
R_2ydr4o3gw7QKjAS,5,0,1
R_AHxqKbE3QKX0Mpj,0,0,0
R_22WWO5BoJGUn6fZ,1,0,1
R_1jGRRW3n9kodkem,6,0,0
R_d0au9qerX6kkDU5,9,1,0
R_2tfyIneldvgjs4U,7,0,0
R_3CAWB9eNvIqM1Oh,0,0,1
R_e9UysNhurk85EWd,10,0,1
R_DT8AZfCoyl5jx0R,1,1,0
R_PFlBHdFhFHY5NPX,6,1,0
R_3FQIo9xkOR0b1On,10,0,1
R_2a8G91Kt7gbpCjH,0,0,1
R_1lboRf1NWUbixQM,8,1,0
R_1jqsszdhzVUky8d,2,0,0
R_2EzBjxSifOXiiX9,2,1,0
R_1rCHJ93AWWQFLcJ,10,0,0
R_bI5qPP3aumTkCxH,9,0,1
R_2CxEs4EJ9jfUQ5F,0,0,1
R_3dEp1ZcPldvabh7,7,1,0
R_2qvZeM5Df5wiVl7,10,0,0
R_2QVQqYtKMY2B9JZ,10,0,0
R_sO5vuoL2wiiR28x,9,1,0
R_tJNQ7Cep8aDdy25,5,0,1
R_2xF2YCqbgxq2e2Y,5,0,0
R_VOtmbOLaO8NiXqp,8,1,0
R_25HFfJS404f2hSU,7,0,0
R_BFH0Zk78Y8hoEi5,5,0,1
R_sBBa7huVKbWF0KR,9,0,0
R_3HUHgA89cA9m26F,9,0,1
R_afphRgeTguxJDGx,5,1,0
R_1QEOzrTkdvGm9ZO,3,0,0
R_3JFAoi6mMzepEYN,1,0,1
R_1j8Sr8fiSfF5Eem,0,1,0
R_PwiV6noeiqRWugV,7,0,0
R_3fQ1Oltmfy1XpaC,8,0,1
R_3EKIYEGMrPrvZvo,10,1,0
R_3e2BehtCnqztjY2,8,0,0
R_x58HQQboTzO4hvH,10,0,1
R_1kHdCLPRiwRMsLJ,0,1,0
R_ehUz3rjeyOw4Ydr,10,0,1
R_1r7WtWRluHi353E,8,0,1
R_27CKi5yL9zQmZdg,9,0,0
R_24wlcoFCj3jWY3a,0,1,0
R_2SoweerS7J4rZbt,0,0,0
R_puUaEtKrLYTsVBD,7,1,0
R_12FMMOAztShsxRs,7,0,1
R_27THqFZfUZe2juQ,9,1,0
R_3QWVIbJJxg5nbwE,1,1,0
R_sIt5EjwsT94pT5D,7,0,1
R_12SaZnXZvMEpZ1F,4,0,0
R_1eY4JwnEfAonk6J,1,1,0
R_dmtl6BGNN4luMgh,0,0,0
R_3GEbFHGErrCTpVy,5,1,0
R_1igPSX8A8ba20GV,5,0,1
R_1LiiLMrtgQrwB33,4,0,0
R_2v6ryHLCpS1pwmY,0,0,0
R_RkRWRCvitJLJRGF,3,0,1
R_3qPh0lidEl0UZjp,0,1,0
R_3IR9JSACYtaX04i,9,0,0
R_XGS874ZlQzQuYVz,8,0,0
R_eLMgAFHSeCA4QHT,10,0,1
R_w6r7tzEkjauZpPr,10,1,0
R_1pszk91utKFork1,10,0,1
R_V41iKmpIu5uf3kB,4,1,0
R_12mNTQyTkSoDUMT,5,0,0
R_9zAJaYFWVwh878R,8,0,1
R_3PsChXaF8ndTL2x,1,0,0
R_VQN0aTewYxDJ9OF,0,1,0
R_1kM17TuxFfTPTDk,10,0,1
R_3OeU2mbrmULSvpT,0,1,0
R_vYQV6EKbnrL4Ufv,9,0,0
R_28HdTw9NLS4W4A7,3,0,0
R_vkHsZpIeiuCocQF,10,0,1
R_1gpUvVRp2jGnbi1,1,1,0
R_1CCTD65p6aJ4Jq4,0,1,0
R_ePPEl3MFDt4Suf7,8,0,0
R_2AFgPXvonjgrTOC,6,0,1
R_33DqiJkdv0lpD7B,2,1,0
R_3MFglZjMGQJyz6E,6,0,0
R_1ovZpzK98nq2xrK,9,0,1
R_1OYMzO62ymqh7Vm,5,1,0
R_2Vw36o9QgyhXRuH,0,0,0
R_2OMHimMt7ZW1R1i,8,0,0
R_XYsx2wBMd83vhvj,10,1,0
R_2VDzFNvZdDxjYDu,10,0,1
R_1NktRUjqQCidVMp,0,0,1
R_12hESrHdaRaQzJD,8,1,0
R_22XoYqDWu0qYvEx,2,0,0
R_3CBhUlZ8QCe2MSB,2,0,0
R_2X6cZoUX8yjG1SA,10,0,1
R_1rDpKOvfc6kPWuX,9,1,0
R_1qb4rEpxh1DPDDM,0,0,0
R_DIWcGsxVbi8mS2J,3,1,0
R_C3lj4cUmKAMnBeh,7,0,1
R_23dIlNIVo7P3eeV,2,0,0
R_0fdsPlNM0hlBVXr,9,0,1
R_1KlhpXAB7rbHgGH,0,1,0
R_3m8QG6gY2Pj9tZf,5,0,1
R_1P5XmrHiD7yRdSe,7,0,0
R_XpGAt4dqDJP96pz,4,1,0
R_3nkJLlXlMgwbWw8,3,1,0
R_r8UZ0rJfgivXza1,2,0,0
R_10w7bFcZsN31WQX,8,0,1
R_1LqHPCMpGHSfoOK,0,1,0
R_2QEs1t2kju8alQm,5,0,1
R_1LMvMsLx5bghBIT,1,0,0
R_22qQwyCGyb5yE3C,10,0,1
R_1o5pIA3VE5LQIhZ,4,1,0
R_tXxCwsH6hcctXIB,10,0,0
R_2vYzCsGeTifWbCX,2,1,0
R_3frVmo2TEbhbvtX,2,0,0
R_2wuZpPD8ZQZ73LX,0,0,1
R_pSh2Xve3gnAACJj,8,0,0
R_b48yFRS9ZUzRKOR,7,0,1
R_3GuY2COgfYLv2bf,6,1,0
R_bkFvj6ueDjdzdgB,0,1,0
R_u7FDZJyCO2zExj3,10,0,0
R_1mgfKb6F8ANjYBv,7,0,1
R_9vHKqHPazmNarWp,5,1,0
R_27xsphZ0211k5SG,4,0,0
R_1LGduJwY9dNbypz,9,0,1
R_2U2YGC5oJNxpQ3U,4,1,0
R_2AF0m2BMnhl5qFk,0,0,0
R_1DP7ZVzTizQ4qVY,2,0,1
R_3jerQP0m4YRwPHZ,2,0,0
R_1NrbGcoummw2ix3,3,0,1
R_1QKgOnS1oCLrxMC,1,1,0
R_32LQDdOuP0p0d2y,10,0,1
R_UGB5uPrzy8MSwLv,0,1,0
R_1CJiEf4QgoPSfSg,7,0,0
R_yydK8KfBiE9AkHD,1,0,1
R_3mn7whsOV9MBXqQ,2,1,0
R_3ltR1oWEQMW6wdB,7,0,0
R_1IWpPt9djDFEkI6,6,0,0
R_2Ez46JfViAPySXT,0,1,0
R_9naxBz9RNqyvG01,0,0,1
R_2xFge4eyXE96zeH,5,0,1
R_29791DDnAQ4P5tm,5,0,0
R_31QvGtsccWjgMi9,3,1,0
R_WkhwFpZa2fDN9aV,5,0,1
R_3NLg2iPfjFAFHaQ,5,1,0
R_Z8KzvTTncfayvjb,0,0,0
R_1DMhxBZeIHFx3d2,7,1,0
R_1gGaCU3lhh2rKFV,2,0,0
R_3EExG1Xvw4tXo1F,5,0,0
R_XBXw9VIDkqnuilP,1,0,1
R_RlQY9MlU7IZ5ywx,4,1,0
R_1E7gTvDQcjjmz6i,5,0,1
R_NUMLBLj8IcFfEgV,8,1,0
R_1lgxjdM0ypj1P9A,10,0,1
R_phBN5rKPTFU0z8R,3,0,0
R_22Gph4Y8vObu02I,0,0,0
R_1r6rojmTVRo3xJv,9,0,1
R_27eyeOVlgKC8ln1,10,1,0
R_3GjMs8a3AmdvWdO,10,1,0
R_2WDaUMFqS1HpKBA,5,0,0
R_25tKzR1IV2oIGv9,8,1,0
R_vTSpmTvn3T5xea5,3,0,1
R_2qkCKjHwEoltTSB,10,0,1
R_xroFHlexpVxnybD,0,0,0
R_12Gw1laYhnkbVE4,7,0,1
R_3EikG0Avhps7iXl,10,1,0
R_3HTCj28QLafrQ58,1,0,0
R_26nY7omry5c4Gul,6,0,0
R_1NaGtsFBeNpjrou,1,1,0
R_1I5UJ3KGFxtoqzw,6,0,1
R_2wumgXM79DwGLti,7,0,1
R_vwYRPakUcnpeoI9,3,1,0
R_3gYMBedApEvrxUp,8,0,0
R_6E9Q8wGuerGw1ax,5,1,0
R_1DOMThAZJgJUBtz,9,0,1
R_BPocK0D49W3AW1r,9,0,0
R_3mgTzdDpc8L7IET,3,0,0
R_1LwiDzlbxONarrl,5,1,0
R_yNMogwPajGyzyOB,0,0,1
R_DP6fPVkqgJz2bDP,10,1,0
R_3nirlAxP53sCpew,9,0,0
R_2amiH722hjL67Ts,2,0,1
R_Deo7jVwDdTQYlbj,8,1,0
R_sjyLCDz8hsnMeXv,9,0,1
R_pEFFeonNpoibY7D,3,0,0
R_2VOA7OVH4VrYqGk,3,0,0
R_28AHOhKa7HHCRjT,8,0,1
R_2eRMBXtHXGUByRh,10,1,0
R_1DZox2YiZXusVje,10,0,1
R_2VEek2HBYMNAhVI,10,1,0
R_3ELUxYw1aZf94G7,8,1,0
R_3HNSZ6UV11nPnQO,9,0,1
R_C9baZ3re8MXGwed,10,0,0
R_2WVIEE0JkgA6QyY,6,0,0
R_21GU87iIxMbEYPU,9,0,0
R_6LH5Ip763GXGpRT,0,0,1
R_1E0Bdtl1jHpElfc,0,0,0
R_5jobYGmTLyOSlTX,6,1,0
R_1f3LG2yVqs41Vhd,0,1,0
R_1pzYhaG0PqxOGRn,3,0,1
R_bseOWxF6UdRljsR,2,0,0
R_3COyDQdQNT61Bue,3,0,1
R_dmP816DIRNPIiFH,9,1,0
R_3xjcZVffeDFTtkd,7,1,0
R_31SNYlSK4eOXxK2,7,0,1
R_1GZxMcMxRD2NDXT,10,0,0
R_vN7M5ZIIMm1tKxP,2,0,0
R_3qDUuY9RxeqFSLc,8,1,0
R_1JXfmOXK8V9fJ0Y,4,0,1
R_21ix0LXmI8xsbaE,0,0,0
R_1Fa0B9L15vH8ZgD,2,1,0
R_2rZ2mtNiYetnIaW,6,0,1
R_3PSvh4mA0VOkO4z,7,1,0
R_2U6jrbzYY9to1QG,10,0,1
R_3MKZ26vPw0FytmN,10,0,1
R_1FRRh62FxRvGq6q,1,0,0
R_QoYNwmY0xfPCL97,8,1,0
R_3r1VIOK6tGXj0IE,6,0,1
R_1LdO464AfxGfV6r,0,0,0
R_2QKgZWC79WuLEKQ,0,1,0
R_qxCkLmK728katVv,10,0,0
R_1ghjMy3Uhwfk1Pj,6,1,0
R_9T6fzOLZ2hvEY7v,8,0,1
R_sifPteEREhvT9PX,6,0,0
R_sLHoBKSNzSYCvjH,0,1,0
R_1cVb7NDHIb25bUJ,6,0,1
R_1rxG9tO8uIzUZ7k,3,0,0
R_3L1OGY6KalMBMqZ,2,1,0
R_yPxzkX9b7Ii5wxr,5,0,1
R_1flJWSr5NemmV1D,2,1,0
R_3RvKDrra208pYkO,0,0,0
R_1llYpK2UJWx4hIt,8,0,1
R_pF9e95SDpDXZGBb,2,1,0
R_2bUB0IFtJXWBwHu,4,0,0
R_UuvDUkzaajS9Dz3,2,0,1
R_2zxc9fYa6LstBiB,1,1,0
R_29p7kzGkVxZLMWo,3,0,1
R_3fOhMyJuqzmD8S1,1,0,0
R_1l3vogrrJav2ZLG,8,0,0
R_2Y93zvOV7q5oWIz,9,0,1
R_1jDqP9K5Y93vPL9,6,1,0
R_3p8QPlj9Sx9VsS6,6,0,1
R_3kodwzL2PKWJH58,0,1,0
R_1r9crpTJBzhnHk7,3,0,0
R_2QQcoJ2LyyuzuxQ,10,1,0
R_2YWWyss7wRuovl3,10,0,1
R_2UaonKBIDZFnAU2,8,1,0
R_3J8jDxSrpHFyX3f,3,0,0
R_yZW6ceDGcEcZGEx,9,0,0
R_W0g2xA1xfooEDKh,2,0,1
R_2Xh4wyXjNMo5BTj,6,0,1
R_2Qzbq4KygJsEFtk,2,1,0
R_1PUCTk4hBENGRhj,5,0,1
R_3qUUJz4L7XHmSD8,0,1,0
R_vp1wuJBDLACMHRL,6,0,0
R_2CBT48oHCHbKAgZ,1,0,0
R_5unizcEb2h1oJXz,5,1,0
R_2BqDTLiNzu7O08R,8,0,1
R_8c9QTHqZXTNIq3v,5,0,1
R_2woyUvTShxrEzEJ,5,0,0
R_27pqi1GpLTJ1xPk,1,1,0
R_3kChV5GWyatISWP,2,0,0
R_3NKxVTspDZGFThE,7,0,1
R_3k6wbIkaT3oHR0o,6,1,0
R_1nZ6DOPBsONvZ13,7,0,1
R_daQhXq4Rn5WjtxT,8,1,0
R_1Kr9GL54l0MBUFQ,3,0,0
R_2ctRP5CjRvrcE3R,10,0,0
R_3q9XsXPCyNqP3qf,6,1,0
R_2e9z44XeKZH4NTw,8,0,1
R_27jQW9nV8Os85jD,1,0,0
R_2rlaL2mFnMkeD62,7,0,1
R_2waj70OaN0NqPpq,5,1,0
R_3hz7yeNDk8ofabP,3,0,0
R_2VJyYNTvE7HlKpv,6,0,1
R_1eWcgox3agDINqz,6,1,0
R_bPgzlIGk3KWCrD3,7,1,0
R_3gXaNbM4tB7GTjC,1,0,0
R_2q2ZWTNy32oHgwv,8,0,1
R_2PqlSMTFdehRtj7,8,1,0
R_22tOt3ux3f5xsop,10,0,1
R_rrsFj3fuocjNrvX,7,0,0
R_RPuF9yNEPUJLvvX,4,1,0
R_1EiiwcyC9luMK1A,6,0,1
R_0PAlVssuizec96p,3,0,0
R_u9bHeYGVdPuiJ3P,5,1,0
R_RIZkIjzeMXbYtmp,9,0,1
R_27BRXINy1OOiW90,2,0,0
R_2waVkHhRgCW3eLn,10,0,0
R_1dn9P8RbXbRcINL,10,0,1
R_1P7OPVv8pEtPLDp,3,1,0
R_1ogRt2eeC1lU9LE,8,1,0
R_27xs8kMBaWPODkc,10,0,0
R_3NxiUq5jtyYjjpV,0,0,1
R_phr7CQAwKSmJKwx,9,0,0
R_3Ph65y52zcpxKEj,3,0,1
R_2rIOHzEd8i3PAb8,7,1,0
R_22rmpKSPSfEwjpU,4,0,1
R_OE7BMoC9FZK8P7j,8,1,0
R_O6DznhaCdA3jRpn,4,0,0
R_0Bc97uxUrs3mN3j,7,0,0
R_3k0dejr6eBRBxL2,1,1,0
R_2afTJFn0wzcht8U,2,1,0
R_32JaCtx0RR5TzCh,6,0,1
R_30e25azYT6m0cnN,10,0,0
R_2X4Bpy2Sj87o6tV,0,0,0
R_Zeo2WVCP6CY5y81,1,1,0
R_6sWQ2Qw4NJhO8NP,5,0,1
R_XS2BgCZmytTIBEt,0,0,1
R_V2PUogs10lbIjjX,2,0,0
R_8ri1VC3sfKWjikF,0,1,0
R_2QoCTnPw0txc1lp,8,1,0
R_3ISFSHcxPyfNhP3,10,0,0
R_PU4ZFBLa0AzKWBP,0,0,1
R_31ACvS8OQX3bY58,2,0,0
R_552lEC2VegrGnvj,7,0,1
R_UMFkV2nm28ubeFz,7,1,0
R_Tose7n4UsDBSXnj,4,0,1
R_2fevnz1zeIjblRj,0,1,0
R_3R457bPcNbzy1bh,8,0,0
R_3peQHiglioQGOzG,9,0,0
R_p3lHENnbQyymz4t,8,1,0
R_41jB9bbeRv5XNfj,2,0,1
R_2alTYhZ6lhttPnn,8,0,0
R_1cVbSYm8xjazMNI,8,0,1
R_28Ii6J1zUyoQiNd,0,1,0
R_OpwD2OhGLb4VCwx,0,0,1
R_3CWAIc57ltT88TC,8,0,0
R_RlsFvtNWxRGGtgd,8,1,0
R_sqgu598jhZISkEx,0,1,0
R_3h3GXHJoSnVvAC5,1,0,0
R_1oo3HUwd2CNURqv,0,0,1
R_vVNmfjqzxu55CU1,5,1,0
R_2Y4bNY59qxcygiD,0,0,0
R_qK6yG2Nh5PqnGGR,0,0,1
R_2uWCM8aWsCQFOQe,7,0,1
R_3iOmF14D0TSwMsK,6,0,0
R_3lX0t2R1eWp4X2T,8,0,0
R_3QMDblqDHRQJuc8,4,1,0
R_1rCkd9dPjuZ2Wz4,3,1,0
R_1g8ukrhUaxU3Xju,8,0,1
R_1IAVLefCF5Vqhc1,9,1,0
R_3Du7jOQJSW8ovxn,2,0,1
R_eFhWRa8Ioo0IJZT,3,0,0
R_3njusSwCd7tbNI7,0,0,1
R_3hgbnKgpodJTd2M,9,1,0
R_80xh9XMXyHzjLXj,7,0,0
R_5grdDRbIORalAop,4,0,0
R_1q36XRZE1WMto0t,0,0,1
R_3gNHPjs3yENOUEa,5,1,0
R_2A12c3mBobmUXzB,7,1,0
R_0cC0qkIWNZW5ILD,0,0,0
R_1Do756dYyIR0yLG,2,0,1
R_2qeoqmIL2XPiVOZ,3,1,0
R_2s1Ptzne37Re9Wp,4,0,1
R_ClYszThKpUwjbep,0,0,0
R_1kM6nZ4VWMUw66u,2,1,0
R_2sfW1DDB9fn4prP,5,0,1
R_3KrpQzdpL4XjC6S,2,0,0
R_3GB7fNn4Xjf5aEy,4,0,1
R_xz4xW6GmIZsOo5H,NA,0,0
R_1kZ8vEcO2fqoNFp,NA,0,0
R_VKyOQ8KqeXXBa6d,NA,0,0
R_117bhen0hRSgvmJ,8,0,1
R_p4dMm1Qj4TrEmAN,NA,1,0
R_bxyjWQkTy9x89mF,NA,0,0
R_1jrJZBRaHk1ie7t,NA,0,0
R_2Qujn4tzIy8M0CG,NA,0,0
R_1mt0pmkmCSBeF3I,NA,0,0
R_1CmcWRsP4y55PpG,NA,0,0
R_2xyNUMabNmqpgo0,NA,0,0
R_3Xa98jR4wFRtS93,NA,0,0
R_2SGrIJQsSdnpC5L,NA,0,0
R_1eEILOHtFkp6cP0,2,1,0
R_2TEQQKndIHEJvDc,NA,0,0
R_3ffWTcYnggSIQQO,0,0,0
R_1P5ml0x4c60evmU,NA,0,0
R_1gRCOiqeoy9TsVa,NA,0,0
R_3P7bcL6HSNWvcy5,NA,0,0
R_3QYILsfnAoQulPU,NA,0,1
R_2wpotzLo14lrGOl,NA,0,0
R_3nHk81UvwsvD49I,NA,0,0
R_1GPUPx54d4BtMN9,0,1,0
R_8jL6JRmPVGMnzVL,NA,0,0
R_RWEWzlysjzx9Ruh,NA,0,0
R_1juLvMEcgvf6arA,NA,0,0
R_2txjqHxAKTctUej,0,0,0