ResponseID,rep,dem,gender,employed,educat
R_3nGChT9uXxpGL02,0,0,Male,1,0
R_1Cj2mBz5kq8pSnz,0,1,Female,1,1
R_w4yj3flOVzy8o0N,0,1,Female,0,0
R_3HuhMHnGlMXzIFv,0,0,Male,1,0
R_9NCli0XyHqzKThn,0,1,Male,1,1
R_3JdWotZwmJqczrS,0,0,Female,1,0
R_1ISGoeEu7PuLLrJ,0,0,Male,1,1
R_3xCeuBWoJlobfX3,0,1,Female,1,0
R_BLMs8SbWjxtss9z,0,0,Male,1,1
R_1o7n3I5J5LEArp5,0,1,Female,1,0
R_DbKh9lEv0P09dOF,NA,NA,Male,1,1
R_3stuqK9w7ezVr18,1,0,Male,1,1
R_1nW0YMXJiTTYcAm,0,0,Male,1,1
R_b7vzXwoVFrqXIad,0,0,Male,1,1
R_27xqLDEkKPsdgxy,0,0,Female,1,1
R_DVkUtMrHvI1RBU5,0,0,Male,0,0
R_1kSUFvOimousAxR,0,1,Female,1,0
R_yTJQeAieyE9J9qV,NA,NA,Male,1,1
R_32IR1BanIg1jejC,0,1,Male,1,1
R_1pyT0Rg37jR0xM8,0,1,Male,1,1
R_2mJO0i4foVPxDxL,0,1,Female,1,1
R_CmhwKz57jemQ14l,0,1,Female,1,1
R_3I3K2ZSIKNX9FjR,1,0,Male,1,1
R_2rCQW1qEbwywc1u,0,1,Male,1,1
R_274iDyCx7uP4ubS,1,0,Male,1,0
R_2s77a6ynlOIOQs3,1,0,Male,1,0
R_bwKKRtOYuCjXND3,0,1,Female,1,0
R_3ebgxlYGUdF1lpy,1,0,Male,1,0
R_3rOD8nBUEcLvyVi,0,0,Male,1,0
R_ekxf71eCQfTTTUd,0,1,Male,1,1
R_8nXW6Q1o9ZjdKhj,0,1,Female,1,0
R_1mEi4ju1LhyvG5t,1,0,Male,1,1
R_2P6WMAMlD7d5wUi,0,0,Female,1,0
R_3J9rZKsV6qPLEKM,0,0,Male,1,1
R_RjWlI5axG3oUaZ3,0,1,Female,1,1
R_2v2Of3PYvZUOSPq,0,0,Female,1,0
R_3fr8J4atO4ppa84,0,1,Male,1,1
R_2P86vYxJCssadnp,0,1,Male,1,1
R_RVoxDh8xdTLCUfL,0,0,Female,1,0
R_1Te2s2vjVgIxUZP,1,0,Male,1,0
R_2S1b9E9hOEDzpuh,0,1,Female,1,1
R_3Rqh39KylzPYH2c,0,0,Male,1,1
R_23X2B86IbPK3t4X,0,1,Male,0,1
R_1oIriSRxeP3iorO,0,1,Male,1,1
R_rfl8iWjOClFOVHz,1,0,Male,1,1
R_O7iUUTxBv5bOidz,0,1,Female,1,1
R_1mRcoQcCrkK4ncE,0,1,Male,0,1
R_1QnqnwsUD3nTsCb,0,0,Female,1,1
R_2sT2DaAgXv1B3eY,0,1,Female,1,0
R_1i8mkw0Lq6yHhMl,0,1,Male,1,1
R_1OGHo532k4JGdB0,0,1,Male,1,1
R_5jXCq2v0gbGGo49,0,0,Female,0,0
R_3ME6Y8ATgXFjPY0,0,0,Male,1,0
R_3CV01jejfEjCqHV,0,0,Male,1,0
R_1hWsIlxxQKy5KoA,0,0,Male,1,1
R_3dSP48oiE8YmEsl,0,1,Female,1,1
R_yKZydcNvBCaeRGx,0,1,Female,1,1
R_3fqJPff2hThenUS,1,0,Male,1,0
R_2P70OMeMdYxit8Y,0,0,Female,1,1
R_rom0a8V8siZtfTr,0,1,Female,1,1
R_1lg8VJPgIaTUznV,0,1,Female,1,1
R_3PNMfhuHumiO3PC,0,0,Male,1,1
R_3ql2WsXR0wJ4ZTn,1,0,Male,0,0
R_2sYWaOFffQxRb4w,0,0,Male,1,0
R_3P2gshADE5WrQVb,0,1,Female,0,1
R_2BbSqMpqVAQqu5r,0,1,Male,1,0
R_0SvLTbnYRmKMJMt,0,1,Female,1,1
R_3MrR99QVhcfrpzt,0,1,Male,1,1
R_3JgRqNKKvQoyHLq,0,0,Female,1,0
R_2cu4Ww4hGGXCtYE,0,0,Male,1,1
R_1QKJ1Kld1yBWkM0,0,0,Male,1,0
R_8D1HGn9PSxiBm8N,1,0,Female,1,1
R_1GwQZhAcFLMXTkU,0,1,Male,1,1
R_2dXhVmi1Z1EKBIK,0,0,Male,1,0
R_3fuWgoBM3b5spTE,0,1,Male,0,0
R_3fvGmoVTawMnxGp,0,1,Female,0,1
R_1qfgSPdYmF6xwl5,0,1,Female,1,1
R_QfXjVLwwKsZVQad,0,1,Male,1,1
R_p5moncIlJuRV3fr,0,0,Male,1,0
R_2TH1s4UK9FG5UBD,1,0,Male,0,1
R_8vRK2vHEkQ0i3yp,0,1,Male,1,1
R_2q3hgFoUjWesNN0,1,0,Male,1,1
R_eEwNEYEPNil5Dxf,0,0,Male,1,1
R_3jcG84a4DEXP7y2,0,1,Male,1,0
R_2qeNh47NajjaEop,0,0,Male,0,1
R_12LoZeR3dbckHyt,0,1,Female,0,1
R_1dK8BAeziMbkmYp,0,0,Male,1,1
R_3kgBWt0XP60XalY,0,0,Male,1,0
R_2wc8bBNY1l07BW9,0,1,Female,0,1
R_3dQCLgBhtLwKczV,0,1,Female,0,1
R_3GpnkFrzbaNvjtz,0,1,Male,1,1
R_R2MG9uSTwQsZuRH,0,0,Female,1,0
R_2absnsonaWb8TWP,1,0,Male,1,1
R_3ekreP8yQH18EqF,0,0,Female,1,1
R_2duU9jsU9mnIapi,0,1,Male,1,1
R_2yqI9wuUh2emjeN,0,1,Female,0,0
R_3rSzDAMoU5GdHFv,0,1,Male,1,1
R_2QfYWQnaGCfsgNY,0,1,Female,1,1
R_2CUlstywIfbFmfj,1,0,Male,1,0
R_1H1RnHlvB12VAd8,0,0,Female,1,1
R_2Y577q78mmYAYAP,1,0,Male,1,1
R_3nVhmSQW2I0K1i9,1,0,Female,1,0
R_w5WzGMbmTfzFeOR,NA,NA,Male,1,1
R_2AMhmGSLHPRYBLu,0,0,Female,0,0
R_ZymSvQpDcSbv6UN,0,0,Male,1,0
R_DzMlvIqQFAeMkRb,0,0,Male,1,1
R_2zi0QzBtayZ3KRZ,0,1,Male,0,1
R_3Piajn8mxUMZqeU,0,1,Female,1,1
R_yz7hZQLeuPOCCaZ,0,1,Male,1,1
R_29mDNZn2BvP1h9U,0,1,Female,1,0
R_3FPZyTVULEC99Si,1,0,Male,1,0
R_3scCGZ80uFE50CS,1,0,Female,1,0
R_2fYZo4mJdVq5kVr,0,1,Female,0,1
R_3pgwo0x606gF11G,0,1,Male,1,1
R_2wRha3wKx49tJFo,1,0,Male,1,1
R_1hMd6xzcsk0voF2,1,0,Male,1,1
R_3JsCyg0OBPxpC0f,0,1,Male,1,0
R_yCsqEERm3MoIf0R,1,0,Male,1,1
R_wMhVSQDhf8tumfT,0,1,Male,1,1
R_25N1Jmi03gke2ws,0,0,Female,1,1
R_tFc9in1UtQXxOpj,1,0,Male,0,0
R_1DUWKSo1ii8VsV0,1,0,Female,0,1
R_2z5RwpibQL9Y0jD,NA,NA,Female,0,1
R_z2md6rzJ5ltDjq1,0,1,Male,1,1
R_3Ppjy8Ud6sviVa2,1,0,Male,1,1
R_Dr5SgLxMkYqtewx,0,1,Male,1,1
R_eYjMi2rUpqwPUFr,0,1,Female,1,1
R_3fNy9VIUHEDTDFM,0,1,Female,1,1
R_1me1ZjbAe1HVY76,1,0,Female,1,1
R_0rLDXrOl2cWXaRb,0,1,Female,1,1
R_3nIfEXKDEMpNLjr,0,0,Male,1,0
R_2DM2denRzT9Vfsv,0,0,Female,1,0
R_31cjhRKgiIW5uZ9,0,1,Male,1,1
R_xE2VkX8RA4AdyJb,0,1,Female,1,1
R_1jwRjn5YD13Yui3,0,1,Male,1,1
R_2q7SQBUgJ4QHKSh,NA,NA,Female,0,1
R_3Rl5ATc4E52GJyr,0,1,Male,1,1
R_25DX8hyMQYzNLuF,0,1,Female,1,0
R_2QuE7avyq9lkO4V,0,1,Female,0,0
R_1pGvZThzey9tOYU,0,1,Female,1,1
R_TvAfy4iJgbIFsu5,0,1,Female,0,0
R_1r6A8uStgR5DmS8,1,0,Female,1,1
R_272rnh3kJPxkQ7m,0,0,Male,1,0
R_2cwUUO3kaecTTYB,0,0,Male,1,1
R_3JmckZy47GGcBA5,0,1,Female,1,1
R_2VdUrqKLl0EY8al,0,0,Female,0,0
R_1LCCfMPAgJ6amKl,0,0,Male,1,1
R_1hGPNywAI0u759D,0,1,Female,0,1
R_1N9pBekdyQUafTC,1,0,Male,1,1
R_3mkNTLzDNg26pJf,NA,NA,Male,0,0
R_3NwjkXyGVRglVRK,0,1,Male,1,1
R_3g7cdYbxOeVIOmX,0,0,Female,0,0
R_2gdW4aV48KYwHHX,0,1,Female,0,0
R_2RVyCxhFQ7py6Bt,0,0,Male,0,0
R_1qXoKiCZaFtyAeP,0,1,Female,0,1
R_vwsyZkkStfHx5Op,0,1,Male,1,1
R_1FysKxyPhD7EAOZ,NA,NA,Male,1,1
R_3J3riYT40qvamzp,1,0,Female,1,1
R_2wuZpQZ5UE2KYVj,0,0,Male,1,1
R_3iRoW8ERKOS6mUg,0,0,Female,1,1
R_1rAOJNnn1ospKQi,0,1,Male,1,1
R_11dxZ7ja36A35py,0,0,Male,1,0
R_30qwHYyr8veoXUw,NA,NA,Male,1,1
R_2CHEe2SR2FexH7s,0,1,Female,1,1
R_2alPpohHgk5dH16,1,0,Male,1,0
R_2TnrowrCh97rWlh,0,1,Female,1,1
R_su8xT6Tk0pj3VHb,0,1,Male,1,1
R_3itcyXkBasBKN66,0,0,Male,1,1
R_1FgPIe35czprjSb,0,0,Female,1,1
R_21p541XMxw78HBV,0,1,Male,1,1
R_2D62kZOiJtURjxK,NA,NA,Female,1,0
R_3eku4uDKoCduMcV,0,1,Female,1,1
R_3s6SP5Xf3A706Bl,0,1,Male,1,1
R_yQ5sOKcpPptnRu1,0,1,Female,0,0
R_R9oiFXG2xiAEpkl,0,0,Female,0,1
R_3nk24hMBxmVMqYG,0,1,Female,1,1
R_2uImcoRn3cCcDDH,0,0,Male,1,1
R_325TNu4aUvmBU0r,0,1,Female,1,0
R_3lYVzhDTtM3JdAW,1,0,Male,1,1
R_3eqUj7DfeI8LJIS,0,1,Male,1,1
R_1It9tgRsZaZAfpE,0,0,Male,0,0
R_2AGuzIrDxphHdtk,0,0,Female,1,0
R_1FJ4GHtTVJsDT3K,0,1,Female,1,0
R_27eDs2a8jyMs9qa,0,1,Female,1,1
R_aflS4qSKf1LYKwF,0,0,Male,0,1
R_PRPJfExxu7few0N,0,0,Male,1,1
R_1i2LDxZsugu7Y5T,0,0,Female,1,1
R_3OobWlJ9e4VvuHw,0,1,Male,1,1
R_1oBHoCe0QXHDiqQ,1,0,Female,0,0
R_OMRbJN043osG2xr,0,0,Male,1,1
R_2905vRzPRcenj3f,1,0,Male,0,1
R_3NCCAoIvNLzsidW,0,1,Male,1,1
R_11dzL3GedT3kBo8,0,1,Female,1,1
R_1Ok7NptK3yzVnyS,0,1,Male,1,1
R_1JIVDAWTRF3UpMm,0,0,Male,1,1
R_Ajl7IVdYgZw2bwl,1,0,Female,1,0
R_6EfSrhkZx4MrDq1,0,1,Male,1,1
R_3nAVUeQdYBgw03k,0,0,Male,0,0
R_3O19vqDaAU6HPF5,1,0,Male,1,0
R_3qlCrRuKsOa9Fxl,0,0,Female,1,1
R_3FVEYncGahKicr2,0,1,Male,1,1
R_cVmZe2nERqP1MGZ,0,1,Male,1,1
R_3fqpRbSj4IE9SIU,1,0,Male,1,1
R_1BWWGyMDqM4g5as,0,1,Female,1,1
R_RyvPhEpPPy8vN8l,NA,NA,Female,1,1
R_2X58GjqcxMcMNQJ,0,1,Female,1,1
R_3ho18ftGVdQPeet,0,1,Male,1,1
R_3061V6xQsnv1MFG,1,0,Female,1,0
R_2vZdqoIjgzvKqwo,NA,NA,Female,0,0
R_qwqz2RVIIpI5TFf,0,1,Female,0,1
R_1nPYmdn6WrrMSAN,0,0,Male,1,1
R_2qrVq2SmnkB9Oe0,0,0,Male,1,0
R_Rt6NBtIzG5yLBrH,0,1,Female,0,1
R_2e3VaMwbkNbibDt,0,1,Female,1,0
R_2tg6i0UfOROuByt,0,1,Female,0,1
R_22Qcnb1gwslPfun,1,0,Female,1,1
R_117wX7QGTqwIFN4,0,1,Female,1,0
R_2QMsTx9z2x2wlP0,0,1,Male,1,1
R_sT2GuusdTs6lqCZ,0,0,Male,1,0
R_3EA26CGUFy3Xeet,0,0,Male,1,0
R_tS7uY0uO2U6JeeZ,0,1,Female,1,1
R_wU9OA7vFus9SJSF,0,1,Male,0,0
R_2f3WbNWwHm1noKJ,0,0,Male,1,1
R_Z4qNo1kMNqV32jT,0,1,Female,1,1
R_1imnqUE57j7zadV,0,0,Male,0,0
R_2UbzwN2sMsKv65p,1,0,Female,1,0
R_30orB3DXhZPbfba,1,0,Female,1,0
R_3lXhbIX8OI2Pdiq,1,0,Female,1,0
R_9RYGCFjycKleHiF,0,1,Female,1,1
R_W2L6AGOGgoU6fEl,1,0,Female,1,1
R_br505eIi6yL4Mal,0,1,Female,0,0
R_3fVPEt1AfY4ozPp,1,0,Male,1,1
R_10ZzKGJIBwseVqV,0,0,Female,1,0
R_1dsPtl1lBf4htvE,0,0,Female,1,0
R_2dtl5ttWhbuNtGx,0,1,Male,1,1
R_3CNQROSYPSlqVlY,0,0,Female,0,1
R_01EzEUumKXRBH1v,1,0,Male,0,0
R_xgVMA9HBwyk5Ycx,0,0,Male,1,0
R_2PuSP3hSkyuo3Qy,0,1,Male,1,1
R_2TNO9vEugVDNCLT,0,1,Female,1,1
R_3RdVLPoL2DixUxB,0,1,Female,0,1
R_3HMoyvDhuuhuq07,0,0,Male,0,0
R_2ZVSeerfHQWKHcG,0,1,Female,0,1
R_1rJR2D8wNBzolue,0,0,Male,0,0
R_3kNZyU69dUc7KNr,0,1,Male,0,0
R_9H4shPqaZmZewRr,0,1,Male,1,0
R_3oAAXmLI91xKB6o,1,0,Female,0,0
R_Ze3qmCs3DJlYPa9,1,0,Female,0,0
R_3Rh8QtVel92LVrr,1,0,Female,1,0
R_3PbL4hmSHC0TluN,0,0,Male,1,1
R_28CFWjODztYU2XU,0,1,Female,1,1
R_1Nqs2L9U4XzrVnv,0,1,Female,1,1
R_1n3LthmZKyBr4a2,0,0,Male,1,1
R_2aqm6ELlgeoADaY,0,1,Female,1,0
R_2bK4eA8ARtrBgUW,0,1,Male,1,1
R_1NdXP7PaMw3zOxz,0,1,Male,1,1
R_sYem0wGx1apiE93,0,1,Female,1,0
R_uw8mmxnnMfTpFmh,0,0,Male,1,1
R_3NU5yOF33zV2WDu,0,0,Male,1,1
R_30ePBMILQOjyjNk,0,0,Female,1,1
R_1H1Xd6u0uzi9m2Z,0,0,Female,0,1
R_9MorKug1xz10sH7,1,0,Male,1,0
R_1LLkoALnpMAqRY9,0,1,Female,1,1
R_3G6SeyQl37JLRWu,0,1,Male,1,1
R_OcDPJRaOvuIHE1b,0,0,Female,1,0
R_2ASjCwa7tK8zjtl,1,0,Male,1,1
R_8qdUIv4xO3l1mp3,0,1,Male,0,1
R_6eRsqCjgy5KkfwR,1,0,Male,1,1
R_1rlC5URA6spRF21,0,0,Female,1,0
R_7R5FLwjkuHKKzpD,0,0,Female,1,1
R_1hShU3pW14DE2Ke,0,0,Male,1,1
R_1CgeIZNpvfU2JyV,0,0,Female,1,0
R_25NiUxdnx33gbm5,0,1,Female,1,1
R_1BVCveldcSvoP7n,1,0,Female,1,0
R_2v1cVfEjAwq0Zxg,0,0,Female,1,1
R_1mC5ziE9aAhD21N,0,1,Male,1,1
R_3HIi6bzDvU44Yk2,1,0,Female,1,1
R_yrb8VTw1fdtGkN3,0,1,Male,1,0
R_3s5NABoOw71187n,0,0,Male,1,1
R_2YsvLdVhdmQOR4G,0,0,Female,0,1
R_2xJKb6TsjpPomIa,0,0,Male,0,1
R_WAJGRn9bMhQd5VT,0,0,Male,1,1
R_3jTlaFBAjcQMShr,0,0,Male,0,0
R_1F2hX0Bc36kqVAL,0,0,Male,1,0
R_pH85Z1G2KKdFoYx,NA,NA,Male,1,0
R_DIV0vkVEOGatl05,0,0,Male,1,0
R_bwKQw9qW5TsBPLH,0,0,Female,1,0
R_3Rw1TEAo0DpZQ3i,0,0,Male,1,0
R_2E0Mm7Eh9j1dj4N,1,0,Male,1,1
R_2RR3dSeJVx96ZCH,0,1,Female,1,0
R_20OT6a8V5dKJncc,NA,NA,Female,1,0
R_210uU4HwTSfpxmX,0,0,Female,1,1
R_cCpoyH87GM4Zo6B,0,0,Male,1,0
R_3iQjDWOgUP7FAgQ,1,0,Male,1,0
R_R9Md5sV9NvI9KSJ,0,1,Male,1,1
R_1l4UifkInN9xOLq,0,0,Female,1,1
R_W8PTb5icVgBRtRv,1,0,Female,1,0
R_10VggAB3y4vz4lw,0,1,Male,0,0
R_DDazYquLTooPYtP,0,1,Female,1,1
R_8384jo8YURs3A77,0,1,Female,0,1
R_2SoYo5QlYagVRMS,0,1,Male,0,1
R_3RsaBeuIoxgxAuz,0,1,Male,1,1
R_87TRqOJ92l1G24N,0,1,Female,1,1
R_2hEZrjGqi925RSh,0,0,Female,1,1
R_3kA6bmt7XtAXOiD,0,1,Male,1,1
R_3GiEyntFBkzIAcd,0,1,Male,1,1
R_1Q6nKEzClpYDwUf,0,1,Female,1,1
R_23fpr4JGZuuWVrb,0,0,Male,1,0
R_3J9MH2Vl0ayvXhz,0,1,Male,1,0
R_p4SpucXz1gsGgN3,1,0,Female,0,0
R_1mgUPikz20gIwdT,0,0,Male,0,1
R_3fBNiB16egpRGpk,0,0,Male,1,1
R_1gA2mk3fwTYVl2c,0,1,Female,1,1
R_vYnB1HV2UFrqiGt,1,0,Male,1,0
R_31XY5G4VkJeXMsd,0,1,Female,1,0
R_2SuJnKJksX2SzZz,0,0,Female,0,0
R_3ERmyzYQxM9JT6M,NA,NA,Male,1,1
R_bqNBqdiMd3CXOJX,0,1,Female,0,1
R_1KwFXppULqBHEZi,0,1,Male,1,0
R_2xW7rz7UWB486dJ,0,1,Female,1,1
R_2QunVXSzQTuvBlh,0,1,Female,1,1
R_2CNjqPhvTqQqL12,0,0,Male,1,1
R_XHQgUaHyDmIH4sh,0,1,Male,1,1
R_UQuPj4r08T1jZw5,0,1,Male,1,0
R_Xt8g8s3RQIFPHI5,0,1,Female,1,1
R_2uO2TWyPkjkniRy,0,1,Male,1,1
R_BFF9dIxMREgbQrf,0,0,Male,0,0
R_2coKK4rFJpVomlP,0,1,Female,0,0
R_3qUOXVxMXevl9sE,0,1,Female,1,1
R_2fx2QmVzf5KPbIj,0,1,Male,0,0
R_2tKxGlcQ5w28hGe,0,1,Female,1,1
R_1JQtgKpE74CWuz5,1,0,Female,0,0
R_3QEEqshL8DnTW7U,0,1,Male,1,0
R_9nuoOycuMcUho1X,1,0,Male,1,0
R_2R56tBBL4MLbnPX,0,0,Male,1,1
R_uxZZjWy96FBotuF,0,1,Male,0,1
R_3nq4l7F55stKmJr,0,1,Female,0,1
R_129hqxVMsgxQtes,0,1,Male,0,0
R_1dN6RdcWPV5OLQA,0,0,Male,1,1
R_3jYCRz0wm3fqZcL,1,0,Female,1,0
R_3KDPzTWnmpSaI1i,NA,NA,Female,1,1
R_20ZD6580aoO3SNK,0,1,Female,1,1
R_3fdVlYxnc48QZ3V,0,1,Male,1,0
R_3JJmb6hPqLwmZDX,0,1,Female,1,0
R_5itgYOQBvSg0pLb,0,1,Female,1,0
R_1OB7JBVbSGiiMBk,0,1,Female,1,1
R_1rcgTmPH0U2DVNO,1,0,Female,1,1
R_1Ley57KbpZZsZRm,0,1,Male,1,1
R_3HOyXYrJdceRRz9,0,0,Male,1,1
R_3oL6280LvjfUAYz,1,0,Female,1,1
R_3nvnOoyMW4DwkLg,1,0,Female,1,1
R_2yjA9PJJLMjAQ2H,NA,NA,Female,1,1
R_8va4NAGvoKhhovD,0,1,Female,0,0
R_8v8ysfZ3vcCJDkB,0,0,Female,1,0
R_3n7cUYy6O2R3brl,0,1,Female,1,1
R_bxt3jWHRUbbfhQt,0,0,Male,1,1
R_RPw8K6XSDxNCQNz,1,0,Female,0,0
R_3oTlmxDErTZfNCI,0,1,Female,1,1
R_1FlYDIiz0Jgh8V5,1,0,Female,1,1
R_vxj4WU8gtHJnCIp,0,1,Male,1,1
R_3QQw3kgCGYDThA2,0,1,Male,1,1
R_qCJzjqXEcZuqTJv,0,1,Female,1,0
R_3L0hgRlsAMdFDXf,1,0,Male,0,1
R_1OZesi4zHC1TQcm,0,0,Male,0,1
R_1jCdFDWvmrxAjBD,NA,NA,Male,1,1
R_3EXbJJ1SOIvG6yS,0,1,Female,1,0
R_2pQMw7242AaM5A4,0,1,Female,1,1
R_3NESPr67akAonV8,0,0,Female,1,0
R_3e3TF0JOl2UyTjz,0,1,Male,1,1
R_1et4Nd2iNftVPTw,0,1,Male,1,1
R_29vo34cb02ZeLoU,0,1,Male,1,1
R_VXAqKihzXdklb3P,1,0,Female,1,1
R_27J4PLbLWTZjb1u,0,0,Female,0,0
R_2QgsNjPczJzfK59,NA,NA,Male,0,0
R_3ee63X63ladrKxd,1,0,Male,1,0
R_2S7DWr1Ot4DH3ya,0,1,Male,1,1
R_ToPCqqGTt4HBNAd,0,1,Female,1,0
R_bmzpr9pK9IRulEJ,0,1,Male,1,1
R_1CrMiVEl5esm0mx,0,0,Male,1,1
R_1M4CDpQs5cIx31T,0,1,Male,1,0
R_2bVKAZuNhgoIs9M,0,0,Male,1,1
R_3NxPbExwb8B1uRL,0,1,Male,0,1
R_vrGytnWu664SCml,1,0,Female,1,1
R_WrmKhPRuzJ2Euo9,0,0,Male,0,0
R_PFZ7evpgeDoShLX,1,0,Male,1,1
R_3hxVxKnAkIqI7fn,0,0,Male,1,1
R_8DlBB5RdxjB3Z3b,0,1,Female,1,1
R_2t2N2aCc4Jv1sb2,0,0,Male,1,1
R_1odIrQOUALqs6Ud,0,0,Male,1,0
R_2aqLl6kUK1WsG3j,NA,NA,Female,0,0
R_cvjmthYjM9Oc9Bn,0,1,Female,1,1
R_3qgq2vj6GN6r6mF,0,1,Female,1,0
R_2TOakCL7mFwcfPc,0,0,Male,0,0
R_2feRpjzxV9daMTG,0,1,Female,1,1
R_20NZ7BIqUfhhjUy,0,0,Male,0,1
R_55qWIxdYHYqSZhf,1,0,Female,0,0
R_24udoBRVeiCYD8s,1,0,Male,1,1
R_2tiiMt80pKiWwuP,0,0,Male,1,1
R_3iPy3F8EP9hcSey,0,0,Female,1,0
R_2S0ksPNMK8YEo2k,0,0,Male,1,0
R_2dZnzwmuDzkLGnP,0,1,Female,1,0
R_2tfXB6WnLH502ez,0,0,Female,1,1
R_3QXUOvZIq4ngX38,0,1,Male,1,0
R_1IoCpUZXARAvdKu,1,0,Male,1,1
R_3e4hZ2dAaT1MmFv,1,0,Female,1,0
R_T5we5xSLWeVBQZj,0,0,Female,0,1
R_3lQRSUCMSR6rU9n,0,0,Female,1,1
R_1n9qQq2C0B7Pycv,0,0,Male,0,1
R_3GjoUcAP7ihkca5,1,0,Male,1,1
R_3KuU6dhnO3L8NUz,1,0,Male,1,0
R_2Y9cbFtjfn9kSVI,1,0,Male,1,1
R_27Op1WCqxPNkWwh,1,0,Male,1,1
R_PukaQN4LorSjxol,0,1,Male,1,1
R_d4gXjRKbYkQYjzH,0,1,Male,1,0
R_vj1Kc0I3PfvADHr,0,0,Male,1,0
R_23aH9QJwnDupgVA,1,0,Female,1,0
R_1jvOFvIjRTDY26S,0,0,Male,1,0
R_3NV7JeNOnUR7HM6,NA,NA,Female,1,1
R_1LRuTnSmlK1C05F,0,0,Female,1,1
R_27BvFD6uSZUgko9,0,1,Male,1,1
R_3gSHUqjU4847u4d,1,0,Female,1,1
R_3QL94PTzPMfdIlo,0,1,Female,0,0
R_1JCwdZjvPbEJsrU,0,1,Female,0,0
R_1GOggMZMUvhfQil,0,0,Male,0,0
R_XS3pz6PZyvMAFvH,0,1,Male,1,1
R_2QSxl9dPRM8wttC,0,0,Female,1,1
R_3oEAGfKJSl67Lvq,1,0,Male,1,1
R_Qj0GqO66J9YIkal,0,1,Male,1,0
R_12KD27JJrRvITVm,0,1,Male,1,1
R_2EoPXrDXxqPZjGb,0,0,Male,1,0
R_ULRWVaneZFgGNYR,1,0,Female,1,1
R_1gdQfZAqo6LVnDt,1,0,Female,1,0
R_3JpUkesPSjRaGNc,1,0,Male,1,1
R_2ScpMM7e4Gh7FfP,0,1,Female,1,0
R_3eazuWYXCj4iq27,0,1,Male,0,1
R_1hzHBSLx5NQokdg,0,0,Male,1,0
R_bx7TP12DX9qVYyJ,1,0,Male,1,1
R_0BAOgg66lOTgUPD,0,0,Female,0,1
R_3kbQn0eVZdJM9On,0,0,Female,1,1
R_2YXQgkcmsA1Lbv1,0,0,Male,0,0
R_XBMa3LEIQN9yYRH,0,0,Male,1,0
R_RVOLMPf0nnIqGfT,0,1,Male,1,1
R_3n14He7EMVobyi4,1,0,Male,1,1
R_3qQj8lLtiX9JRFZ,0,0,Male,1,1
R_2S1SUBIQkShv4aB,0,0,Male,1,0
R_RfRgYJuQMO1bNFD,0,0,Male,1,0
R_3KTUVIeqfZKb1HB,1,0,Female,0,0
R_3FLomOeLCkZgotl,0,0,Male,1,1
R_beXbMya6uIdy9yN,NA,NA,Male,1,0
R_4T7kKcy4BL2A13P,0,0,Male,1,0
R_3kBnVOH9JkPPNEV,1,0,Male,1,0
R_3EyETyz3CgtFlIX,0,0,Male,1,1
R_123xiJgoRvxVdFu,0,0,Male,1,1
R_3iDB6U9GMfExVJi,0,1,Female,1,1
R_2eQgccnsCFT6DuC,1,0,Male,1,1
R_296pYxLY2J3BpLO,0,0,Male,1,1
R_2bHkGm7sORTZuLh,0,1,Female,0,0
R_3D74JaRF1UHNepK,0,1,Female,1,0
R_1ifkBmYJrdXMFmg,0,0,Male,1,0
R_3gLyucralr9iC1p,0,0,Male,0,0
R_1EcYb7rakcdeDjk,0,0,Female,1,0
R_3HOomBSjDY2WDqW,0,1,Female,0,1
R_1CHNIi2VgobZYJc,1,0,Male,1,1
R_2X7EivJmv33R4Ti,0,1,Female,1,1
R_2pQPG6cBSKzfLtl,1,0,Female,1,0
R_2OTKBD7crWWkSBC,1,0,Female,0,0
R_CjmZCaL2eKbWnOV,0,0,Female,1,1
R_31X9oerIsJU8EZI,0,1,Female,0,1
R_3HALa1kVBphMxE8,0,0,Male,1,1
R_unb8aiYSeYvQ1oJ,0,0,Female,1,1
R_6lkfbMJAf3vEVdT,0,1,Male,1,0
R_2A097sxnf7z7Qwx,0,1,Female,1,1
R_2WxuSr6dRQrr1Mj,0,0,Male,1,1
R_3L8bZskTXXlbVLR,0,1,Female,1,1
R_2rZ5km5C01MpnsE,1,0,Male,1,0
R_b8fta6K9VgfeQ5b,1,0,Male,1,1
R_3iIvHYXaZItgq1h,0,1,Male,1,1
R_2fjnC7WE6IzTrQ9,1,0,Male,1,1
R_12KmqE0T5l8sQmJ,0,0,Male,1,0
R_3sB0hnuBDrECR6l,0,0,Female,1,1
R_6Y834gJgqSSUD9D,0,0,Male,0,1
R_rjXi6F5kCqqnzvr,1,0,Female,1,1
R_3nuxdlCN60VXb8J,NA,NA,Female,1,1
R_RVVKINCUqZZ2gTv,0,1,Male,0,0
R_2Y4IgoFD9PBfDtT,0,1,Male,1,1
R_XpP4y2Xvo4LJRAZ,0,1,Male,1,1
R_Aywd3MxWF8oQVlT,1,0,Male,1,1
R_vcUmgebHeyn3foJ,0,1,Male,1,0
R_2CVCH3Xe2l9A1Rp,1,0,Male,1,0
R_3eajqjbpzbzmvgj,0,1,Male,1,0
R_2Tz9gMVTY86ZyYi,NA,NA,Female,0,0
R_tSY7NHN4k8OVDKV,0,0,Female,1,0
R_Y5Z1lk4CqyZbdL3,0,0,Female,0,0
R_2ruLIxo4gDXOwiL,0,0,Female,1,0
R_2t8VHyb0FGIp4ts,NA,NA,Male,0,1
R_2EbkGxnlwJJt2oU,0,1,Male,1,1
R_3qHSCSU7gLSwUdI,1,0,Male,1,1
R_30w03SkFlX9OoCS,0,1,Male,1,0
R_3HHXjYgfV2aM0GZ,0,1,Male,1,1
R_25AcyutjE0fBRod,0,1,Female,1,1
R_1pJw8HaY00ul3uT,1,0,Female,1,1
R_3EHbFZVIQc6BvJF,0,1,Female,0,1
R_4ZRGYqRTqD92JkB,0,0,Male,1,1
R_1rIggqL8VXnz8fE,0,1,Female,1,0
R_tXNJicYalUDIQdb,1,0,Female,0,1
R_XunnCpL7lZdTHTr,0,0,Male,1,1
R_2Vgv8mcZDV8wQa4,0,0,Female,1,1
R_3dKfVsyG9hcZVqa,1,0,Female,1,1
R_3j9jVbCPML5zWRo,0,0,Male,1,1
R_6rErol3k8YePO7f,0,1,Male,1,0
R_1P75Ipe5pD49yBu,0,1,Male,1,1
R_1Ig8YdVV0JSpISM,0,0,Female,1,1
R_3nHHMFou3zUqlun,0,1,Male,1,0
R_2EGkKINVD5AFY8l,1,0,Male,1,1
R_3sb3QuijXPL6Fu5,1,0,Male,1,1
R_2WOwRCJQpCflJV9,0,0,Female,1,1
R_1FCUslSdAuYlff0,0,1,Female,1,0
R_3fW5W8NwLJ8M1aT,0,1,Male,1,1
R_x4bC7uHS8I9tShP,1,0,Female,1,0
R_21apWMHCSOdCkCW,0,0,Male,1,0
R_42AiihwqhcCcrcZ,0,1,Female,1,1
R_3O3aZUdTKtK7k5g,0,1,Female,0,1
R_2TnHt1BTlUJKGcM,0,0,Male,1,1
R_pRYVp656QfRTbTr,0,0,Male,1,1
R_cGVqIOa73YJceVr,1,0,Female,0,0
R_3D1MR1mi2YY0PWe,0,0,Female,1,0
R_2rvBiL2AIDvDolm,0,1,Male,0,1
R_xDcSH4uscOB42T7,NA,NA,Male,0,1
R_2c2wJtLSgWc5d09,1,0,Male,1,1
R_31sDOGMqforv0Nu,1,0,Female,0,0
R_31SPkV5Il8H2vIm,0,0,Female,1,0
R_QhPo3WJcLZ9pkgV,0,1,Female,1,0
R_1CqdHE2BJXaeNGC,1,0,Female,1,1
R_2B5qtkvqyIJLjZr,0,1,Female,1,1
R_22QYdZ1nc4RJUAd,0,1,Female,0,0
R_e35SEaH3TxAfQLT,0,1,Male,1,1
R_3qQj77Kc5M5hanC,0,1,Female,1,1
R_1QmeZVTO8Sdv3iS,1,0,Male,1,1
R_2ClzLF9cwRNhV8Z,1,0,Male,1,1
R_1NFm4RJ3edcLvQZ,0,0,Male,1,1
R_2ttAJ5W2mQii7my,0,0,Male,0,0
R_1jp053mm52pqbcs,0,0,Male,1,0
R_2z86lBIj2VmAA9P,0,1,Female,1,0
R_6JMIY3DgtWxXsM9,0,1,Female,1,1
R_2z5wTCz9I9HwgYV,0,1,Male,1,1
R_r6i0tY3mcBAoInL,0,1,Female,0,1
R_2PoEL7bwOIRsNo5,0,1,Female,1,1
R_1Kpat9sDIfXd7fW,1,0,Female,0,0
R_XozMGDtKp4BuDvj,1,0,Male,1,0
R_26o1os3w2uiMTLN,0,1,Female,0,1
R_1MTmpMiDSHgaTSb,1,0,Male,1,1
R_2VDqvBQBK7ZcNp2,0,0,Male,1,0
R_21bm5GtHI2ibEn1,1,0,Female,1,1
R_3MlisQbmX3g2QgX,0,0,Female,1,1
R_UfDHToYo1Y30s3T,0,1,Male,1,1
R_2wSKgWMFhmoMKMc,0,1,Male,1,1
R_2BtwwE1Ogif0qix,0,1,Female,1,1
R_AAjrkV1V92UH3nb,0,1,Male,1,1
R_2B8t1h4TZR58Af2,0,1,Male,0,0
R_1NDNGoIoWjHoD3D,1,0,Female,0,1
R_1DBaBeoMaOCXGnV,0,1,Female,0,1
R_26lHXdmV9b8Vnu7,0,1,Male,1,1
R_RrimuevlTeTiZ45,0,0,Male,1,0
R_3KO7zkdnhI4lUWR,0,1,Female,0,1
R_2uKX37xwtoYtLkr,0,0,Male,1,1
R_3CZevcpT2xNYcQg,0,1,Male,1,1
R_3r0BF6SDC6EuDza,0,0,Male,1,1
R_2UgvHJ5p8bREDne,0,1,Male,1,0
R_3kjkQhp7neIfEJL,0,1,Male,1,0
R_2U4bDL31AYdO11s,NA,NA,Female,1,1
R_1ozohykECGpW2mV,1,0,Female,1,1
R_24jGdGUv6Tgkh23,1,0,Female,1,1
R_2bOu5QzHskQrk92,0,1,Female,0,0
R_3QYN5bIbUUuEjko,0,0,Female,1,1
R_6eO2Ojbfgji2jbH,1,0,Female,1,0
R_DNnsphAsiDXPly9,0,1,Female,1,0
R_1QydraGNUZUzgW1,0,0,Male,1,1
R_3qO44MJcdNIEviK,0,0,Male,1,0
R_1dGESiic94hJkLg,0,0,Male,1,0
R_1nTRNYDyv6nsx25,NA,NA,Male,0,0
R_3WoXAaf0h7GAwF3,0,1,Female,1,1
R_2qjv0M1Cqv0MYb5,0,1,Male,0,0
R_3J9MGCvfAAF9Jat,0,1,Male,1,0
R_2wsiIuCTf5m5rAd,1,0,Female,1,0
R_1OjLr0mvmLfl180,NA,NA,Male,0,0
R_24JcFFg2OI3sgrx,0,1,Female,0,0
R_241mrAsTvQOwF5S,0,0,Female,1,0
R_2f3skD1OFG2E72K,0,0,Female,1,1
R_2dEW5ELaehLulUE,0,0,Male,1,1
R_1hJTzb9vyobtL7K,0,1,Female,1,0
R_1rJjsKiFCwAQF13,1,0,Male,1,1
R_qyyQkBI4xjdSVuF,0,1,Male,1,0
R_2YmnFFME1BvgxM7,0,1,Female,1,1
R_1jVX6NyQOoZfKfG,NA,NA,Female,1,0
R_efjDB3H1SiTnvm9,1,0,Male,1,1
R_2SdWV7CPveokONA,1,0,Female,1,0
R_1cTVKc78QO8vORj,1,0,Female,0,0
R_UQ6Afig8P0pQfi9,0,1,Female,1,0
R_3nH5JQL4ichdIzu,0,1,Female,0,0
R_2Tt2YZyjG8tKOyg,1,0,Male,1,1
R_1QrwPYdTlBjOzv1,0,1,Male,1,0
R_2rpiJ5qdljLzrpd,0,1,Female,1,0
R_2VEZ9AGtkP1ms0W,0,0,Female,1,0
R_2SjAhZFwj0OXI72,0,1,Female,1,0
R_24zXc51kqEB7mtI,0,1,Female,1,1
R_1rCThiNdqBbBSXw,0,0,Male,0,0
R_3RaYTB8ptjiii9L,NA,NA,Female,0,0
R_0chYjDXi95vRZD3,0,1,Female,1,1
R_3iVJhYXMDi2j9QZ,0,0,Female,1,0
R_Ajvh1fiCbHlSlZT,0,1,Male,1,1
R_2BwEnPhbzWXoYJi,0,1,Female,0,1
R_1r7bPVHg6mUiTgh,1,0,Male,1,0
R_TwwrbKdidK570Mp,0,1,Male,1,0
R_3futBJnBDwmnxPi,0,1,Female,1,1
R_da0EKUWLeHwqQE1,0,1,Male,0,0
R_3KO3rcQbVK3Fg4Y,0,0,Male,1,1
R_2s4OZcUlFcplKMK,0,1,Male,1,0
R_3Kx40ZGWyNPE7un,0,1,Female,0,0
R_2RUKPzhx9NgaLjx,0,1,Female,0,0
R_2TGLMH5133SqMI8,1,0,Male,1,0
R_4TPwggFgA1MQYFP,1,0,Male,1,1
R_2af8OWyUSjTieI0,0,0,Female,1,1
R_AN8ZCLqbtHjaHCN,0,1,Female,0,0
R_1lmyUpxV7Vh8VE1,0,1,Male,1,1
R_3kJfgYFcnCrzczf,0,1,Female,1,0
R_273aogYjHgH7oE7,0,0,Male,1,0
R_1HjeXQaLW1XmsxL,1,0,Male,1,1
R_3EAMWyYunfqhPQ8,0,1,Male,1,1
R_3NKSYxX2FzTiz7Z,0,0,Female,1,0
R_3HN7qvh24yVHYqv,1,0,Female,1,1
R_3nTSQpasEpI4eiD,0,1,Female,1,1
R_3ReIhZXCiUvOoOx,0,1,Male,1,1
R_2roxIv3vDxE9mjX,0,1,Male,1,1
R_OrHdcZW7M3elCi5,1,0,Female,0,1
R_1BoQChiq3edWOiJ,0,1,Male,1,1
R_31WvKx2THBSKYzM,0,0,Male,0,1
R_1N5fMCer01QOel6,0,1,Female,1,1
R_3fBgKIP5haVh30a,0,1,Male,1,1
R_1dpsla2rnElJspW,1,0,Male,0,1
R_3PbmQHegAMktT7Q,0,1,Female,1,1
R_2QFMPDwNCPA1Mo4,1,0,Male,1,0
R_3nSkbSlaUk69dQW,0,0,Female,1,0
R_3e4ylQW3ulFzEhV,1,0,Female,1,0
R_10PKRM7hYSQj8AA,1,0,Male,1,1
R_DkQ0gQj22m1LQFX,0,1,Female,1,1
R_2ccqeuevvZ7cF0F,1,0,Female,1,1
R_4Z7c2D4pXGMJePD,0,1,Female,1,1
R_Wqu2O5ApUPN5UXv,NA,NA,Female,0,1
R_x0pXirbvy0YE8E1,0,1,Female,1,1
R_T6CqEab8yZPo6op,0,0,Female,1,1
R_3nqKBhZZ0CZkLAN,1,0,Female,1,1
R_1gNGnB3QjOj1tOr,0,1,Female,0,0
R_UmYTYm0mEO4AcWR,0,1,Female,1,1
R_3EYKpjGqMRpYGIk,0,1,Male,1,0
R_2VKiVA9T7daACMc,0,1,Female,0,1
R_129KhhZFQd4ohzk,0,1,Male,0,0
R_290nabnznLj8Q4z,0,1,Female,1,1
R_33BSGyKvFxZgIbq,1,0,Female,0,1
R_DodXkBLKmQd0vJv,0,1,Male,0,0
R_1laxFpppsRtBe7I,0,0,Female,1,0
R_1Q0E21VAmyvq37J,0,1,Male,1,1
R_1eJfwUZgQrk3cMT,1,0,Male,1,1
R_24P2qFN7Cdixd62,0,0,Male,1,1
R_3QJJujrOCghfl0x,0,1,Female,0,0
R_3gNNTk5M4iTEkH4,1,0,Female,1,0
R_DtP2KWKelnb4l4l,0,0,Male,1,0
R_25Nizr2XqDnS8YC,1,0,Female,1,0
R_3fUV0C1Ner4Nmfq,0,1,Male,1,0
R_abEOdvMAk304o5X,0,1,Male,1,1
R_tSec4vQdPiG9E9H,0,1,Female,1,1
R_1hWq4zOU4SMsjIo,0,1,Male,0,1
R_33fEAzS4cGN195p,0,1,Male,0,0
R_2uEOCJAXqhlCGJw,0,0,Male,0,1
R_1hygGom8vRYUZuR,0,1,Female,0,0
R_2OITcr5jtFKcxAx,0,1,Male,1,1
R_31Y03iJaeHUk4nt,1,0,Male,1,0
R_2riR3RKCloWQHUO,0,0,Female,1,1
R_3mXwY1BB4MznO6t,1,0,Male,1,1
R_2CHCpfJKCo796o5,0,0,Male,1,1
R_55YYnsjyLnNtRa9,0,1,Female,1,1
R_SHTKJoUTjhl89Jn,0,1,Female,1,0
R_3KusRaV7umT2VUu,0,1,Female,1,1
R_2qxvUiiDP3kx7am,1,0,Female,1,1
R_2QQBB48FsFIkJUb,0,1,Female,1,1
R_3D5vnSiqJdrH2Ti,0,1,Male,1,0
R_30tQCH6OmkGGtYV,0,0,Female,1,1
R_PZfxV7Lwa2IqwaR,0,0,Male,0,0
R_74G6XMzPAbrElmp,0,1,Male,1,1
R_6KXZCT0AZ8JuiBD,NA,NA,Male,0,0
R_2tnDI099aP32oRQ,0,1,Female,1,1
R_1GPlRr1BfD9NnWw,1,0,Male,1,0
R_C1dIytk6UoGqVzz,0,0,Female,1,0
R_1FFc7BAzhsrXI9r,1,0,Male,1,1
R_10NKGZOWBE93QPn,NA,NA,Female,0,0
R_2zNINIGEIA4DBaT,0,1,Female,0,0
R_2pWzn12A3Vyx6VF,NA,NA,Female,1,1
R_1HomobcIJpbVjZT,1,0,Female,1,1
R_1hExsHWnNu2m7sF,0,1,Male,1,1
R_3kvWnR8m2gLzw6N,1,0,Male,0,0
R_2xV7VlNJpY7i9qe,0,0,Female,1,1
R_2P7mSUrOUZg1TSs,0,0,Male,1,1
R_2WPtlwlWT3suI68,0,1,Female,1,1
R_PNiZaZFu2HrZJ2V,0,1,Female,1,1
R_3elRlGpLQAnLAGA,0,0,Male,1,1
R_21h7S4zqTrKgT9T,0,1,Female,1,1
R_3nJjO9j2ZwNX63y,0,1,Female,1,1
R_2xxyZz8pKZLa4ZX,1,0,Male,1,1
R_31bjpaRNDyF9333,0,1,Female,0,1
R_3s4juBhaKwDluim,0,0,Female,1,0
R_1LjaN4XSfVipwS9,0,1,Male,0,0
R_1r1iUf0GrCL0EFf,1,0,Male,1,0
R_8612GihiTVqCEzD,0,1,Male,1,1
R_3hDQ1byPB0uuxf2,1,0,Male,0,0
R_cHddmp0KLDvDPkl,0,1,Male,1,0
R_3psY0YUN7oO0fF3,0,0,Male,1,1
R_9ALND7T5YUbGSvn,0,1,Male,1,1
R_1kUfSH4ejJ9bwqn,NA,NA,Male,0,0
R_3CGZndlXL26Rspt,1,0,Female,1,0
R_22QVIWQcWPwQn1N,0,0,Male,1,1
R_1g7qzxOvAwXkm8V,0,1,Female,1,1
R_296ppp6jw0dLnlG,0,1,Male,1,0
R_SAUsJkBMP11D0k1,0,1,Female,0,1
R_3JLqWRaYaZu9sHX,0,1,Female,0,0
R_sROnFYZHNz0TIch,0,1,Male,1,0
R_XH6kkCetVQXOvTz,1,0,Female,1,1
R_3MAMkDq3Ued9Crr,0,0,Female,1,0
R_3lG59JkQIc9vqQX,0,1,Male,1,1
R_2upJBHs14aPa2uW,1,0,Female,1,1
R_3kcvEf26KTYydPr,0,0,Male,1,1
R_29plEDuuoJgqT74,0,0,Female,0,1
R_3nvlhy4zBHkFfw8,0,1,Female,1,1
R_3oKHlp8IQ5g5fgw,1,0,Male,1,1
R_3PNRVwSyvYLJ4Rh,0,1,Female,1,0
R_1QMfWPg0oY8vd1Q,1,0,Female,1,1
R_3O1DLGqu1kDiXFQ,0,0,Male,1,0
R_2fuGQvart2eQAFC,0,0,Male,1,0
R_3QSb5MiZtGwtRRf,0,1,Female,1,1
R_3HMlsHQ8D51D7l8,0,1,Female,1,1
R_1dizC4H87bnJmku,0,1,Male,1,0
R_10NS7YrptlflLE4,0,1,Female,0,1
R_3CCtgOaYz2C7AQw,1,0,Female,0,0
R_1FJ4joxZQGRS1e3,0,1,Male,0,1
R_3s1fUIqjVinXwBg,1,0,Female,0,0
R_3DhFj2nNXgECQXc,0,0,Female,1,1
R_1gelngrW0HsrLyd,0,1,Female,1,0
R_3n8KuxVddCWIino,0,0,Female,1,1
R_1pGTqd0wiSNhyFX,0,1,Male,1,1
R_1oBEPW8RlUWgKlO,0,0,Male,0,0
R_1RJv0AUF8Rvu9SV,0,0,Female,1,1
R_2tM67UpCzYCKcW0,1,0,Female,1,0
R_XmPwZJXcNWyg1Ut,1,0,Female,0,0
R_ZJFilJyHwuHSXrr,0,1,Female,1,1
R_u9TeULb7sKaPvW1,1,0,Female,1,1
R_1Lj9aL1LgIpy7Kf,0,1,Male,0,0
R_3Gew5U348kw6V0U,0,1,Male,1,1
R_3hymBp2afBF1RoE,0,0,Female,0,1
R_OlZ4K8Ah4AsCguZ,0,1,Male,1,1
R_3Ht9bQeZoB8rv4d,0,1,Female,1,0
R_2YyRpzyoqltqlKs,1,0,Male,1,0
R_2cpdPF0JjqTNEyZ,0,0,Male,0,1
R_24LVV71qyEyICNW,1,0,Male,1,1
R_10uXp1clm18dV0J,1,0,Female,0,1
R_QgEqheaxK9nbWCZ,1,0,Male,1,1
R_DSmnQq1LyZXtmMN,0,0,Male,0,0
R_2yjRXr33cIF0bAx,NA,NA,Female,1,1
R_2f1gQLmg1585hJN,0,1,Female,1,0
R_11XvXbmtJRMxuPf,1,0,Male,1,1
R_2A1oqCEOmlZHcvE,0,0,Male,0,0
R_3h4ry5bA2ELKJ17,1,0,Male,1,0
R_z1OrsW6nLFxURkR,1,0,Female,0,0
R_r6kOlkvrJxucXpT,0,1,Female,1,0
R_1eyr2FbksDO4nyw,1,0,Female,1,1
R_2V8B0qxOzYF9qfZ,0,0,Female,1,1
R_NW7mUil5NO0sm1r,0,0,Male,1,0
R_3DhaF8ss4wY4Vht,1,0,Female,1,0
R_3ksTnjTGygVkrdo,0,0,Female,1,0
R_2wtqCUCwJ5SR53c,1,0,Female,1,1
R_1KiDAtUUjL9RGya,0,0,Female,1,0
R_2zuUlKykqHLEbpN,0,0,Female,1,0
R_suvdlKdK4mTPYpX,0,1,Female,0,0
R_1BY61cMsIzok8ZD,0,0,Male,1,0
R_1Ky8X29i9jmvFsQ,1,0,Male,1,1
R_27doajkt46WrxtF,1,0,Female,0,0
R_2TKVMEu9cHrCZRQ,1,0,Female,0,0
R_3qwGM984g01f44m,0,1,Male,1,1
R_2OZvZlyFrGSaV6t,1,0,Female,1,1
R_2DOZc9d5NgSFfYa,0,0,Male,1,1
R_s4CeX12O2Y0F5Dj,1,0,Female,1,1
R_33s49V9yTYTwTAf,0,1,Male,0,0
R_3HCwtA44m5GLlrY,0,1,Female,1,1
R_2s6jGhccCl8m6El,0,0,Female,1,0
R_XM2fNf7o4VAiLFn,1,0,Female,1,1
R_3e3pOTZZ3bsfvo0,0,1,Female,0,1
R_3CTMd4lsZRhKdTP,1,0,Female,1,0
R_XGRDh8nalNdi77z,0,1,Female,1,1
R_27xjuFTE1OZo3QQ,NA,NA,Female,1,0
R_3hlJsb3cJydck7Y,0,0,Male,1,1
R_1N371Tq11stgkoU,0,0,Male,1,0
R_22PrgoWyUx42VX5,0,0,Male,0,1
R_9uDvQzqGGImDtnz,0,1,Female,1,1
R_XNEqVYlRwA1BE7n,0,0,Male,1,0
R_XuF32gXqT49gKhH,0,1,Male,1,0
R_ym8kD7icZG32Uud,NA,NA,Male,1,0
R_2CdkkKNlITAfzfF,1,0,Female,0,1
R_agG6Wve2PKYFY7T,0,0,Male,0,1
R_1InmsnjPWySD4vQ,0,0,Male,1,1
R_dbuSRLVD7uKQwJH,0,1,Female,1,1
R_qEGYXwsXgAXZz8d,0,0,Male,1,0
R_qId3FsmlX7PTltv,0,1,Female,1,1
R_cNCAgrRL5cq4ucN,0,1,Female,0,0
R_0fcRAmRLrsra2xH,0,0,Female,1,1
R_zcWCn7XljEp3dqp,0,1,Male,1,0
R_1gANtmyASRkCnqT,0,1,Male,1,1
R_Qhm1FWJrwVnNM9r,0,1,Female,1,1
R_3oTIRxSV4odFRDC,0,0,Male,1,1
R_2Y5M84YVBkvzrd4,NA,NA,Female,1,0
R_1FFYJXZgXn86TY1,1,0,Female,0,1
R_1F3QEPYZv79favN,0,1,Male,1,1
R_3iX2IjQ9HwL5n6V,0,1,Female,1,1
R_3dEvQiYWLDZkrGD,1,0,Female,0,0
R_1Q57LgG7FgKzVsn,0,0,Female,1,0
R_3lVl7YbEIqiNY09,0,1,Female,1,0
R_Y2XKzRu9YD2M5ZT,0,1,Female,1,0
R_DdUjZDqO30dbTtT,0,1,Male,1,1
R_3knWqDJyOyrNqgn,0,1,Female,0,0
R_1OxZqyxNfLYPOUW,1,0,Female,1,1
R_3LXTK1TukuDUd1z,0,0,Male,0,0
R_1r6shYlYoxy1GxN,0,0,Male,1,0
R_Ulqds5vxJXGz3qh,0,0,Male,0,1
R_3g6OH6MC0L178Pr,0,1,Female,1,1
R_bNP1Kfqdoomqgcp,1,0,Female,1,0
R_2eRrz3VuojDSoRg,0,1,Female,1,0
R_3311cuXntNSO9HZ,0,1,Male,1,0
R_290MeMjj9iRwWCt,0,1,Male,1,1
R_2tEHqA9DsqqBxVg,1,0,Female,1,0
R_1GDlyuwCjgAYm2d,0,1,Male,0,0
R_vqXKbJ9QdWd8DK1,0,1,Male,0,1
R_6Wn5lUjHDB9jOwN,0,1,Male,1,1
R_1Qo5vFVCU43oDc0,0,0,Female,1,1
R_2rluNBEsHFXgTiq,0,0,Male,1,1
R_a36GE0YehGBa2yd,0,1,Female,0,1
R_2uHXMs8Tykvuptv,0,1,Female,0,1
R_w7DGcZCRaVxSTlv,0,1,Male,1,0
R_3HHvB7Em4q0HHRn,0,1,Male,1,0
R_3M3WmlhpN7LgXcL,0,0,Male,1,0
R_3rOKpDM2NTaNs1J,1,0,Female,0,0
R_1PTqXpSmlkBlDWq,0,1,Female,1,1
R_sHAo4EFrqrcGsV3,0,1,Male,1,0
R_2wLlMNNgN0g5o4t,0,1,Male,1,0
R_AuFCDKGCsm7NQ1r,0,0,Female,1,0
R_1EbvniK68O0BxuB,NA,NA,Male,1,0
R_33Dbx9BL57QiBf1,0,0,Female,1,0
R_Uuo8Ni8y4Zrv4hb,0,1,Female,1,1
R_OJT5daxdAbMQuhX,1,0,Male,1,1
R_2y3GIOmH8T656Ie,0,1,Male,1,1
R_3hzhgwqlH33qbbJ,0,1,Female,1,0
R_1guoYXjIzsvpXUB,0,1,Male,1,1
R_2BgGQEXjHzRnnj6,0,0,Female,1,0
R_3HSBsf64WUYlZYZ,0,0,Female,1,1
R_2TKKSvizaQZuxG1,1,0,Male,1,1
R_2f1GRrJqm3FDHkK,1,0,Male,0,0
R_3I5isXgrWJXaoJk,0,0,Male,1,0
R_OPffuEkj7xYzUDT,NA,NA,Female,1,1
R_8xhDEXBw8f2LMIx,0,0,Female,1,1
R_33BdHanVBhdLreV,0,1,Male,1,1
R_reD9Hie4w3bf2uJ,0,0,Female,1,0
R_1n8b9FfaCl72RCR,1,0,Female,1,0
R_UiR37GlYoB4QlwZ,1,0,Female,1,1
R_3j8LvK1OGVSGMaz,0,0,Female,1,0
R_32PbASLOTSxO40T,0,1,Female,1,1
R_1mQvxqBPlCuJIaH,1,0,Male,1,0
R_BKA0edxOsJkWGIN,1,0,Female,1,0
R_27vY1IokwZ9Lllv,0,1,Male,1,1
R_123Ty9uXJnqXwiG,0,1,Male,1,1
R_3QXjlgyYdNMABhK,NA,NA,Female,1,1
R_dnXlBzT2lvTMteF,1,0,Male,1,1
R_blqwhJMrdk6uSAh,0,0,Female,1,0
R_rirXL00QuszifLj,0,0,Male,0,0
R_23VRKA7Yqzr1hfO,0,1,Female,1,0
R_3fpKeAFryTCZa7Y,1,0,Female,1,0
R_27VHYMTWdP24XZR,0,1,Female,1,0
R_5bRJ3lbrFerDFSx,0,1,Female,1,1
R_2RVejRm6n39FtJw,0,0,Male,1,1
R_1dta3loKFfC7hPl,0,0,Male,1,0
R_248yvqtvTxxhirj,0,1,Female,1,1
R_p3F2Db3jsAHli49,0,1,Female,1,0
R_3hawciWfRSCCd93,0,0,Female,1,1
R_1eQs4DqrH0ijxNO,1,0,Female,1,1
R_9GedTcTPnh5reXT,0,1,Female,1,0
R_bg8ArydpAgBwRnr,0,0,Male,1,0
R_1QyAG88Jk522buJ,0,1,Male,1,1
R_1lhmTheYsJ7AJQ5,0,1,Female,1,1
R_xFAmd7O3ByCC4vf,0,1,Male,0,0
R_Rn2V8jGoWt3yHzH,0,1,Female,1,0
R_2v7md5M6zkR1WGP,0,1,Female,0,0
R_AjjqNyn9IK2XT5T,0,0,Female,0,0
R_YPvJNauH3Ir2A9P,0,1,Male,1,1
R_WD2RwtMboRWikBr,0,1,Female,1,0
R_1dgDGulfCkN7VFh,0,1,Male,1,1
R_RlE6Oi7moOOTHqN,0,1,Female,1,1
R_1j6QG1rxWbCkCTq,0,1,Male,1,1
R_W9yO3bxEn014Sbv,0,0,Male,1,1
R_12hiZLzKqomW8Lc,0,0,Female,1,1
R_XAEJGmmwOBiUR57,0,0,Female,0,1
R_324Uczgd54WMSSg,0,1,Female,0,1
R_2zkVhpukt77hEun,1,0,Female,0,0
R_3J4rrI3U6VBKYcP,0,1,Male,1,1
R_3G24tCU0hTRgCwm,0,0,Male,1,1
R_28BuoLSD3Wl7so4,0,1,Male,1,1
R_1ia13YqpuDnLkbV,0,1,Female,0,1
R_3dFXmugLEEvcVJv,0,1,Male,0,0
R_1qgNylMdLFEISAN,0,0,Female,1,1
R_1goUV0UuhkF0TmK,0,0,Female,1,0
R_beaOLzNCVZohNwR,1,0,Male,1,0
R_3QPBXo8VkGy8r8O,0,0,Male,1,1
R_xmcDHQIPhHkMmsh,0,1,Female,1,1
R_2Po2aTOPxONWxUs,0,1,Male,1,1
R_22XMclCDzyasBDi,0,1,Male,0,0
R_8qU8PneNFpkiBCV,0,1,Female,1,0
R_SZrAxgKyCcVNpRf,0,0,Female,1,1
R_3pbz38urvDyjMLN,NA,NA,Male,1,1
R_31SNpEtV6kpziTs,0,1,Female,0,0
R_2taup07p6fF979d,1,0,Male,1,1
R_eEPSht1KMSOAS0V,0,1,Female,1,0
R_3lW9S4UKfmGrqPs,0,1,Female,1,0
R_2QilZfXiL6iO9oh,0,1,Male,1,1
R_12fpZHaOoYVQvSX,0,0,Male,1,0
R_3I60yI0FrdWAmMq,0,1,Female,1,1
R_237QXpIklYwJcGQ,0,0,Male,1,0
R_28G5IW70eDDD26N,0,1,Female,1,1
R_3LaRR7lCdVQTMJL,0,0,Male,1,0
R_12r65yh0ppai97s,1,0,Male,0,0
R_3fkpUk6wlvhFwnh,0,0,Male,1,0
R_7ah80AYgiZRjYjL,0,0,Male,0,1
R_PU8TBSOs07Ouorn,0,0,Male,1,0
R_1K1G5knkAPzmsd9,1,0,Female,1,0
R_3huNHeMzv9CltUB,0,0,Male,1,0
R_1MWDfdEKZIKVlul,0,1,Male,1,0
R_12hZ1HFXxmF44tE,0,0,Male,1,1
R_3nU7ElVQPvAo1kE,0,1,Male,1,1
R_1OSJr0veaim4gYA,0,0,Female,1,0
R_3R2XdWEhQxcIBhQ,0,1,Female,1,1
R_3OoGnIShy3hpQgu,0,1,Male,1,0
R_3MybzShvxI9yRIM,0,1,Female,1,0
R_29uFi4tmivIi3rn,0,1,Female,1,1
R_73fG0l4KDfdbgE9,0,1,Female,1,0
R_3D72NYwnnXqQtXg,1,0,Female,1,0
R_1q4AHFh09Fp1zxG,0,1,Male,1,1
R_12AAxUOhq2Z7wP0,0,1,Female,0,1
R_3NPVoNkRD0cI56a,0,1,Male,0,0
R_3GDKAnF519EOXhR,0,1,Female,0,1
R_25yjUuvDnZncIp6,0,0,Male,1,1
R_86vuVl9DuLSS1Hj,0,1,Female,1,0
R_3qFMVZUCekJA2rf,0,0,Male,0,0
R_25H22z6qJf9U0Dc,NA,NA,Male,1,1
R_2AKFONSOMjXsxct,0,1,Male,1,1
R_Rrj1hhkUmZdyvtL,0,1,Female,1,1
R_24qMYJogXc8VhPo,1,0,Female,1,1
R_Od6ZGw04Jf4nUDn,1,0,Female,1,1
R_27BuwnxluYfuxHv,0,0,Male,1,0
R_3qmlVvjJvwJ4ODF,0,1,Female,1,0
R_vk0ZBwKRRmrnhJL,0,0,Female,1,0
R_Zx8filx6vyyabo5,1,0,Male,1,1
R_3FQYHgoh7jY9bNY,0,0,Female,0,0
R_2rouxkXcF2loAHR,0,0,Male,0,1
R_2OGVR5bqoXnuAN7,0,1,Female,0,0
R_2tsy9NhNGeEM9nY,NA,NA,Female,1,1
R_3lJjK8a9Yb0XWxB,0,1,Female,1,1
R_3CTNOO0GLCl3Rno,NA,NA,Male,0,0
R_a4oJILO8UhVc0dr,0,0,Female,1,1
R_U9JqCY3Axu5X5Gp,0,1,Male,1,0
R_3qQYgn3u06ECwxA,1,0,Female,0,0
R_1DZ5kt6jUb9oJeP,0,0,Male,1,0
R_1mDkbXLgFVRLGZ6,1,0,Female,1,1
R_VXCmr2Eq6dBJTDX,0,0,Male,1,0
R_26a8C3ZUtZoXtTs,1,0,Male,1,0
R_1QgrmnHH26Z16f5,1,0,Male,1,0
R_1Ky8Zc3zHL59vW0,0,1,Male,1,1
R_4MAMNUqdP7oOjvP,0,1,Female,1,1
R_3iqYWAY5eSGYR2k,0,0,Female,1,1
R_29hNxomuxUb26r3,0,0,Female,1,1
R_2OViVukdRqDekoU,0,1,Female,1,1
R_1okbyKjCUtqYpgg,0,1,Female,0,1
R_3gyO15gyIBGhGKd,0,0,Male,0,1
R_3JiaivUKmfRJHBD,0,0,Female,0,0
R_1kS4RqqplJRFO0x,0,1,Female,1,0
R_Z2KLLc3ObQNVPoJ,0,0,Male,0,0
R_dgnLUXJi47WBRIZ,0,0,Male,1,0
R_4J8lqvHf1mwXBaF,0,1,Female,1,1
R_3oI1QyAnAxxfJ9v,0,0,Male,1,1
R_OJqrF1cUMvlFckx,0,1,Female,1,1
R_3R4xtyHSFOwVVXL,0,0,Male,1,0
R_1GVugr6Qt0ZmZCu,0,0,Female,0,0
R_8psWGLHM2IVcL5L,0,1,Female,0,1
R_qWUIMSnPbzLAOEF,0,0,Female,0,1
R_bOv6plzPQECpw77,0,0,Male,1,0
R_1pXXLhfl0ulNgmD,0,0,Male,1,0
R_UbD25LDdGtaNY7T,1,0,Female,1,0
R_1hT0W6EmpON5W9b,0,1,Female,1,0
R_2rwMyythm6t91kQ,0,0,Female,1,0
R_shRnFujj2WlPO0h,0,1,Female,1,1
R_3eq25YCx4MgUlFM,1,0,Female,1,1
R_vq1T2jZATWhrDgt,0,1,Female,0,1
R_8rac65ls1fyaVdn,0,1,Male,1,1
R_2xWYUVvPQyR3y0y,0,0,Male,1,0
R_AnQc016OCcjqcQF,NA,NA,Female,1,1
R_3PFkdAqZAo2YNIB,0,1,Female,1,1
R_1pRn9bSlFJi8fmC,0,0,Male,1,1
R_3NU2Ffz3fFPtWoa,0,0,Male,1,1
R_262VBYBtMJpbzqh,0,1,Male,1,0
R_0PTs3U7zCLfTWp3,0,0,Female,1,0
R_1pWhWv2FkAiN6yB,0,0,Female,1,1
R_12utY0ToIhRQjNC,0,0,Male,1,0
R_2QzB9SYvvlsK1OP,0,0,Male,1,0
R_3gNGk5cjgpTVLWF,1,0,Male,1,1
R_3DiPaTAQwbUSkRN,0,0,Male,1,0
R_2rF3OD1WBA9RAS5,1,0,Male,1,0
R_1DG6FsX9sO4b6iz,0,1,Male,1,1
R_2B9RVWYq2UWYdHH,0,0,Female,0,1
R_2D8kapPRwBjvdjr,1,0,Male,1,1
R_2wzqu8C1h7fzSnW,0,1,Female,0,1
R_2TplhqOMNkl7RKw,1,0,Female,0,0
R_3HwsscvyBDl3tuR,1,0,Female,1,1
R_2YqVwyLxILOTz6G,0,1,Male,1,1
R_3m8umrZ33icz6eJ,0,0,Male,1,1
R_3w4EWuibmFcIrjb,1,0,Male,1,1
R_3mk8ur1nrWBFRLj,0,1,Female,0,1
R_ZjXxnJ80cac49IB,0,0,Male,1,1
R_ywluyGd8PYYn14d,0,1,Female,1,0
R_T5F65KeLaI2HP57,0,1,Male,1,1
R_1OZDck3vMencPmG,0,1,Female,1,0
R_1ps4nepk0vmq29Q,0,1,Female,1,1
R_Un2670DhIGZnQlj,0,0,Female,0,1
R_3HZvQjxnKfzbqRd,0,1,Female,1,1
R_RnsRyuMsvNmNwKR,0,1,Male,1,1
R_2SGrsuZZZOeumRN,1,0,Male,1,1
R_2tg0kfCG1ZQz6Hq,0,0,Female,1,0
R_2WGQIz6LgckGqlv,0,1,Male,1,1
R_3DeG3LPe1oMY2ec,1,0,Female,1,0
R_4IogT3PtA0wl8Xf,0,0,Male,1,1
R_2Cjp3PELsdIFb7d,0,0,Female,1,1
R_2s0Us2RNMMsgSWa,0,1,Female,0,1
R_3kjJIz1wmOMEkAG,0,0,Female,1,1
R_1hyDw77AHxIFcVk,0,1,Female,1,0
R_1IymbBmCYYfUTVH,0,0,Male,0,1
R_24oZEnBoNbJ7sl3,0,1,Male,1,1
R_eew4AmqfL5wMd45,1,0,Male,1,1
R_2zBg4rA5mwlD6r5,1,0,Male,1,0
R_1obCqhlOsl6l5QI,0,1,Female,0,0
R_2vcuxAikePyYXQB,0,0,Female,1,1
R_2Uho1qbAreefyrQ,0,0,Female,1,1
R_28IBX2jLHifHnOH,1,0,Female,1,0
R_OCs39uHjOAmlsQh,0,0,Male,1,0
R_3KTTlncXsUxXSmS,1,0,Male,0,1
R_RCCzfBbYFWkxc3L,0,0,Female,1,1
R_3R3lSuFG5FwCVWg,0,1,Male,1,1
R_dg4FzmrGlw5uIkF,1,0,Female,1,0
R_27ExoiInI9v3UQf,1,0,Female,0,0
R_2riImLyyJ6w4BhN,1,0,Female,1,1
R_1prR2518C4QpWrU,1,0,Male,1,0
R_1lrxmIytrfbZ8dD,0,0,Female,1,0
R_1ovGa0O6FcAdjoj,0,0,Male,1,0
R_33qfNQyUPorHppR,0,1,Female,1,0
R_3NyrBPoBJN6Rmq5,0,0,Female,0,0
R_2wHpoiVC07lSy2k,0,1,Male,1,1
R_1GIDUy46WP1zRW9,1,0,Male,1,1
R_1jxjech0vT7rUv6,0,1,Male,1,0
R_XKR0bsq1Sn5RGEN,0,0,Male,1,1
R_cJfSlzKRvzfgTtv,0,0,Male,0,1
R_DVtkiNRCpGk6Z9v,0,1,Female,1,1
R_3jYBuQ3qN38goAG,0,1,Female,1,1
R_UYBYXbeVkeXbss1,1,0,Male,1,0
R_tG68HhMPAjC4siB,0,1,Female,1,1
R_1GPuxRyxqE6rGca,0,0,Male,1,1
R_29gF0EXDMyThExi,0,1,Female,0,1
R_eKIMuMpDMn7KY7f,0,0,Female,1,1
R_2tnkdYkQHuvz4ET,0,1,Female,1,1
R_1HhJV142eyGKXLO,0,1,Male,1,1
R_1kLhjxro2VwJsBD,0,0,Male,0,0
R_3CPck4fnUqsqecJ,0,0,Male,1,1
R_2UcjjQW1dXEJCzA,0,1,Female,1,1
R_241Mx5sHPzgwDp3,0,1,Female,1,0
R_3paRfOzesu1JGfO,0,0,Male,1,1
R_1lbo0Jnlhl2eCp7,0,1,Male,1,0
R_VNYDq4qURGM4jxD,0,1,Female,0,1
R_274fqQ2UoNFiblF,0,1,Female,1,1
R_3lslHzNVK1J6Mq9,0,1,Female,1,1
R_rj6R8weV3H9u2Ep,0,0,Male,1,0
R_2Ck9x2yuCce4wqi,0,1,Female,1,1
R_PSDxIqOcXyfiRUd,0,0,Male,0,0
R_aiaNOmnNBQvTq5X,0,1,Female,0,1
R_1OZHjPBlgq82REv,0,1,Female,1,1
R_aV6gH11FdsiSGNr,0,1,Female,1,0
R_u9THct5JcDWeflL,0,1,Female,0,0
R_1CyfaD5NaV5e1EW,0,1,Male,1,1
R_2YDLBJnThoxFtY9,0,1,Female,1,0
R_2EmEiJH8RH866FK,0,1,Female,1,0
R_2rwo4lsbbUxI3Er,0,1,Female,1,0
R_1QElLZfmptD8d9p,0,1,Female,1,1
R_3JrY1tMvDc13QXe,0,1,Female,1,1
R_1FtvZLhxj7ANj28,0,0,Female,0,0
R_2OVbIa3v7S4MhLz,0,1,Male,1,1
R_2htjtBf1ZdHCIx3,NA,NA,Male,0,0
R_AASznlL0otzl2i5,0,1,Male,1,0
R_1JQK7IyMOZfxJnR,0,0,Female,0,1
R_1XtwpwPzLzFPkd3,0,1,Male,1,0
R_3D0mLzCMCT1IFwr,0,0,Female,1,0
R_1kLXBmWKL5i9Y0p,1,0,Male,1,1
R_1MQYa4RI9xebcOd,0,1,Female,1,1
R_3lWcFTB60MlPgXO,0,0,Male,1,1
R_3p8SbEnDe2wA1Cg,0,1,Female,0,1
R_31Af6aisvW6tg9e,NA,NA,Female,0,1
R_UuOWxhetufCuKBj,0,1,Female,1,1
R_1LOvgHDA5hlvemu,0,0,Female,0,1
R_3QYngUgVlzDc77S,0,1,Female,0,0
R_1CD9sJSWN0kxFdO,0,0,Male,1,1
R_2dAZMYVmWqCOh9Q,1,0,Female,1,1
R_1dNCLSjrVJlAXXV,0,0,Female,1,1
R_3lzAy93jmG3BYQk,0,0,Male,1,1
R_wKSRexcV5g5LGcF,1,0,Female,0,0
R_26fkQKN9wpcnHeK,0,0,Male,1,1
R_3HpKYMF9z4k36OT,0,0,Female,1,0
R_1CmsNbbpbs2TkFL,NA,NA,Female,0,0
R_SPJ3GegeeG053K9,0,0,Male,1,0
R_3fBRtNTX1hXyR3P,0,0,Female,1,0
R_3JgvUQkjkpo7RXG,0,1,Female,1,0
R_6AxYWNrnMHAzX8J,0,1,Female,1,1
R_1dFHqgXZ3QRtHjf,0,1,Male,1,1
R_2xyFKyfEITuPTGt,0,1,Male,1,0
R_0VdskW0J3F08rx7,0,1,Male,0,1
R_1E5QmAiT0LNTRxm,0,0,Female,1,0
R_A6xLLcH9AfJlIsh,1,0,Male,1,0
R_1QKmUipk6hYBXmb,0,0,Male,1,1
R_tRFaTzyO4IScV3P,0,1,Male,1,0
R_1BQ0AhYsTm3NarX,1,0,Female,1,0
R_xD6lXRlm473ytDH,1,0,Male,1,0
R_1GUg8bORasdPQK2,0,1,Female,0,1
R_1Cd7qrlHl8krfye,0,0,Female,1,1
R_eYbVDLjBi8AGjgR,0,1,Female,1,0
R_3qa6gajYxSZ8YXG,0,1,Male,1,0
R_1JVcKgjbt3eGXMG,0,1,Female,0,0
R_272IueFUnEYvCGg,0,1,Female,1,1
R_2YlH3D5ctgnQHQo,0,1,Male,1,0
R_2Y622NAXiYowOtq,0,0,Male,0,0
R_2SkoNpKvNP9kfPz,0,1,Female,1,1
R_3R3M1YnAlqBsrIG,0,0,Male,1,1
R_1r3A3LCvtnp9K3R,0,0,Male,1,0
R_1oFpiUwlHGyLoRY,0,1,Male,1,1
R_3GxN044VsMIL0BG,0,0,Male,1,1
R_78HRxxNYbLiCCwF,NA,NA,Female,0,1
R_sLvAYuwivuA8GaZ,0,0,Male,1,1
R_1jPoCAoJbdRqMjj,0,1,Male,0,0
R_0JtGI7rdoECmrE5,0,1,Male,1,0
R_STV8jPD1nIOCjOV,1,0,Female,1,0
R_25WoarBRKuDqBiV,0,0,Male,1,1
R_PRuTw1CGRIbDj7r,1,0,Male,1,0
R_zTZTBAhRHkXaR9L,0,0,Male,0,1
R_3dY2DCAzwMFhHOR,1,0,Male,1,0
R_3QDaHi5iIORjsOd,0,0,Female,1,0
R_1LSt9oyAPPp6Fu6,NA,NA,Male,1,1
R_3kLlNOUfFP7Akuw,0,0,Male,1,0
R_Wj0NaSxNP9OnH4B,NA,NA,Male,0,1
R_1l0pDBw3HVVgNoI,0,0,Male,1,0
R_5pB2HtQeGv23Us1,0,1,Female,1,1
R_1C3G6oDGrKTdMge,0,1,Female,1,0
R_1eKkWJ5kyXirtQO,1,0,Female,0,1
R_1GNdulD3cB72VXf,0,1,Female,1,1
R_SP3wcpNJbg8in7j,0,0,Male,0,0
R_1NwB9njZIsRqlGG,0,0,Male,1,1
R_2S32xpW7aJLeIl0,0,0,Male,1,1
R_cAB91t6Hujem5CV,0,0,Male,1,0
R_vVMNy2RwKzFGKOt,0,0,Female,0,0
R_2WP7gk4YeSTAJsX,0,0,Female,1,0
R_2WJAhvIq5hHaLmm,0,1,Female,1,1
R_3fpM55VfhJUf7mT,0,1,Male,1,1
R_8oaZvCzZTBUzMiJ,0,1,Female,1,1
R_3PTfI1nAO47USBU,0,1,Female,0,0
R_11iFCPiwwJOF8Sx,0,1,Male,1,1
R_2WYht7AlrXrCfLZ,NA,NA,Male,0,0
R_3HMuqRZ9aJr2Fz4,0,0,Male,1,1
R_2YMyPS3DVNvImj0,0,0,Female,0,0
R_3kHc0EGJRGUWhIT,0,1,Male,1,0
R_cGaT8cbdvh63oHv,0,0,Female,1,1
R_1dN3NNcxxXgYGq9,0,0,Male,1,1
R_1OBjz9a59hYyuZo,0,1,Female,1,0
R_1M018dTdvtwewbX,0,0,Female,1,1
R_1I75x567303irX8,0,0,Male,1,0
R_3NQmsIqW2NzMhna,0,1,Female,1,1
R_1IfB4EA07Wdvb7r,0,1,Female,0,1
R_2Yn7QYjAZ235SmM,0,0,Male,1,0
R_7VXeeaugXRwx6pj,1,0,Female,1,1
R_Ugsz8eFScplgGRz,0,0,Male,1,1
R_2CrkS4c2nzDhHHT,0,0,Female,0,0
R_3NCewc3Nq8loKj6,0,0,Male,1,0
R_28XM7wKUa8UhjYE,0,1,Male,0,0
R_3iL7ILRtr8GuiS7,1,0,Male,1,0
R_4SoeN0UXJqCtkt3,0,1,Male,0,0
R_1mDlxbNQYoyJ6l2,0,0,Male,1,1
R_3G38N35m6gasTrx,0,0,Male,1,0
R_3iWMFXztr5R7BDX,1,0,Male,1,1
R_1QAc2kt5XLk8rZZ,0,1,Male,1,1
R_2QnCivWJhw1WKWZ,0,1,Male,1,1
R_3m2cyCcLpJ9Pqms,0,1,Female,1,1
R_vP6ogduLjT0YBpL,0,0,Male,0,1
R_1jCHfK22oAl5azG,NA,NA,Male,1,1
R_vPk7P6sc6SR97H3,0,0,Male,0,1
R_1ghjRNyq9Qz0frp,0,1,Male,1,1
R_3KoUwrlI1yMGw0z,0,1,Male,0,0
R_OlGeFXwctM4NnoJ,0,0,Male,1,1
R_27et78u5wFaRU8Y,1,0,Female,1,0
R_22yRBL36TIO5dgo,0,1,Male,1,1
R_bJgpD9xPXxdqWlP,0,0,Male,0,0
R_3syrU4Zob5X9KhL,0,1,Male,1,1
R_3kbNDlktnjBeqVI,0,1,Male,1,1
R_1gp85DFKoqs4GCM,0,0,Female,1,1
R_ene6GYMnVjnqBMt,0,1,Male,1,0
R_3elxTqraC3NKlbh,0,0,Male,1,1
R_1NqbdSmQgD7JGeM,0,1,Female,0,1
R_25uT6yjGDvLXbYa,0,1,Female,1,1
R_3ixMvLcn8WihSQ3,1,0,Male,1,1
R_2q96Mj9GQQvEiIY,0,0,Female,1,0
R_1MWDqOnpfLFAzsn,0,1,Female,1,0
R_1Ltfl179JSU4749,0,0,Male,0,1
R_2S2J8c7NX35kIUg,0,0,Female,1,1
R_SJiJ96tJu8zItRT,0,1,Male,1,0
R_eEiojb3rF3q27y9,0,1,Male,1,1
R_3flMZx8uQJmrIB7,1,0,Female,0,0
R_3Ma5VwvFEgkcS2I,1,0,Female,0,1
R_2pWYbe4hZqEBTCp,0,1,Male,1,0
R_25LwZwMZaGwOxLR,0,0,Female,1,1
R_7Qy1x9Le9BBMJG1,0,0,Male,0,0
R_2QE3MlaFZuzcQ1r,0,0,Female,1,0
R_1K6zrciZDBVeTIV,1,0,Male,1,0
R_3OUSyBeKPzUB3ax,1,0,Female,1,1
R_yKg58SMK6Kicqqt,0,1,Male,0,0
R_1lbDiJzuBZYE9br,0,1,Female,0,1
R_2ty9cg24l39gw04,0,1,Female,1,1
R_3dTecGYFSwdQI7c,1,0,Male,1,1
R_3ht3iY0jQtYOBFA,0,0,Male,1,1
R_3CGYyjgvnITkzIR,1,0,Female,1,1
R_1laUQyfRjwrmQ95,0,1,Female,1,0
R_2EhtJjmQ6zsTiXl,0,0,Male,1,1
R_2ROJLa80Yfu4GEI,0,1,Male,1,1
R_2q7qIipVuqaWP08,0,0,Female,1,0
R_5u0HsE5dKW4cK41,0,0,Female,1,0
R_3JfxDTdr67Pvqfz,1,0,Male,1,1
R_3mh3Bn6DZWIUiUZ,0,1,Female,1,1
R_1kMl0nK6IciWxC5,0,0,Female,1,1
R_1GylOlcJP8gDlYS,1,0,Male,0,0
R_1jO1CL6f4VJjdSp,0,0,Male,1,0
R_2Y3ywRieUqToHJw,0,1,Female,1,1
R_2torCOzAIibDvlC,0,0,Male,1,1
R_1K1Pds9AdCcG9KY,1,0,Female,1,0
R_1INqk3FiVjFp1ME,1,0,Female,1,0
R_5pgVTlJh1Pux6x3,0,1,Male,1,1
R_3EbEfpCiNYfjmQ1,1,0,Female,1,0
R_2taLzGxbRzTmaQ8,0,0,Male,1,0
R_3EjaTF9mGYA44eq,0,1,Male,1,1
R_UybOnx31zoqxNjr,0,1,Female,1,1
R_2dY0zxRWNLtDP4Q,0,1,Female,1,0
R_1eQPX0Rwe6DX7jR,0,1,Male,1,0
R_1OpFosDuRkKwa1Z,0,1,Male,1,1
R_3QGI7VV9eoK500U,0,0,Male,0,0
R_2U3Li8s1embHicg,0,0,Male,0,1
R_3O2eK7s4geVzEV4,0,0,Female,0,1
R_2SoCIH1gxIJsiVy,0,1,Male,1,1
R_3Ok25wUpuF4R3gF,0,0,Female,1,1
R_1eVswMulJDNaC6j,0,0,Female,0,1
R_3HGSpyUH1KhM5b3,0,1,Female,1,1
R_1CpTo7Z5EXL0P1N,0,0,Female,0,0
R_1FlzJXlPBe7HXkJ,0,1,Male,1,1
R_26eCawlWX9FtLtV,0,1,Female,1,1
R_3R3LdR8OTkM9f8L,0,0,Female,0,0
R_aW2j4Rm56ZtmO4h,NA,NA,Male,1,0
R_1IKQJqcILuCK7S2,0,1,Female,0,1
R_3QPBUhDfsR17DFf,NA,NA,Female,0,1
R_6WGP1YfCgithMeB,0,1,Male,0,0
R_By0wGEwLp0CpQFX,0,0,Male,1,1
R_2CHfaitj7y519JH,0,0,Male,1,0
R_3EA9AeMJKXNCE8X,1,0,Male,1,0
R_3p5y0B9oAVr4SZs,0,1,Female,1,1
R_26mvrq773t3t4ex,0,1,Male,1,1
R_3NIF4aIWwsaRhky,1,0,Female,1,0
R_3NQeOGZFxJDlrNx,0,0,Female,1,0
R_3JwQWl0d07LfJpL,0,0,Male,1,1
R_1dGMcW2x4cIRkOh,1,0,Female,1,1
R_302cq4WD7ZHePaq,NA,NA,Male,1,1
R_25Lrjm88zVGWTC5,0,1,Female,1,0
R_OcWxKZ4Bti1yLtf,NA,NA,Female,1,0
R_1l9IHGaDD77yjYX,NA,NA,Female,1,1
R_Y5NzcaguqlghNG9,NA,NA,Male,1,1
R_3elCDYdZBBb2WDx,0,1,Female,1,0
R_1LnT5PHV9MMWv6x,1,0,Female,1,1
R_1EbN6YmHiTHbV5c,NA,NA,Female,1,0
R_21ilhGpk9VC7klO,0,1,Male,1,1
R_1n2PNVRfPnKzV7X,0,0,Male,1,1
R_yrIvWMud8tBNHZT,0,1,Female,1,1
R_1MrTQVL0QWu3Dd7,NA,NA,Male,1,1
R_3kLkf6u0idRt7KT,0,0,Female,1,1
R_2bGFuisAFcTfnGh,0,1,Male,1,0
R_21upajG8EdIWGpA,NA,NA,NA,NA,NA
R_2pWCMoaArW1DguB,0,1,Male,1,1
R_UyhzGNHc0MHHBux,0,0,Male,1,0
R_1mI8BHiI2N0ewVK,1,0,Male,0,1
R_27KzNorLkB4wh6N,0,0,Male,1,1
R_2AGs7EPmVLCVHaX,0,0,Female,1,1
R_U9F7boEvOUXCEdb,0,1,Female,1,1
R_3DknJgv2AQWO5FA,0,0,Female,0,0
R_UDD6oHqNttEO157,0,0,Male,1,1
R_U9kjz98xmREg8fL,0,1,Female,0,1
R_3mk0GdAinLu6LIt,0,1,Male,1,1
R_zcly85qMER5Jasp,1,0,Male,1,1
R_24LTwQCguAcJp2I,0,0,Male,1,0
R_UoxsPL11u2NwVHP,0,1,Female,1,0
R_3szeQaLbsW4qJaw,0,0,Male,0,1
R_1lbNEjoU8GeXnYj,0,0,Male,1,1
R_1n0detoCg1dbuhj,0,1,Male,1,1
R_2xR9PNWYfQN2jLz,0,1,Male,1,1
R_25QTuPDaE2YsH67,0,0,Female,1,0
R_3pa4EWZAvcYdMkz,0,0,Male,1,1
R_2wAIQdK7aqM6HsK,0,1,Male,1,1
R_1igucJ2pp54wi9X,0,1,Male,1,1
R_DI9HU2SVBAFR6p3,0,1,Male,1,1
R_3j1IZ8BdZ52EEgK,1,0,Female,1,1
R_TuRBinROM8fCkKt,0,0,Male,1,0
R_27wArtTPmoH5faQ,1,0,Male,1,1
R_1lhn9O5ZEkbYsqX,0,1,Male,1,1
R_1oaOaNJ21jBHOam,0,0,Male,1,1
R_1mOhkhZy3LhvOGS,0,0,Male,1,1
R_3NVAO8p6msyH8mE,1,0,Male,1,1
R_Oj1c5lsAwZcBnFf,0,1,Male,0,1
R_6L0k7YZ0qS8HtVD,0,1,Female,0,0
R_utfMGCrTPnKtqDv,0,1,Male,1,1
R_3gXx9xvlX5mvNw9,0,1,Female,1,1
R_1inhuJnJy59BazY,0,1,Female,0,1
R_8Dqdm8OWiDEWsr7,1,0,Male,0,0
R_1CyhYXafUoB1g5u,1,0,Male,1,0
R_2alUNfTLyaBqKT1,0,1,Male,0,0
R_2EgBLrUKzspIK3D,0,0,Male,1,1
R_1QfM2NRnW7hYhaq,0,0,Male,0,0
R_2EAl2Aog1whJAQX,0,0,Male,1,1
R_1eOV16jS5SoSV5H,0,0,Male,1,1
R_1i8WOKthjW57ltz,0,1,Female,1,1
R_1LvcJFGmX9dFhF2,0,1,Male,0,1
R_2B8nLw4vd8rbaGF,0,0,Female,1,1
R_1dn5Ir0FCaTgr12,0,1,Male,1,1
R_ZEjhvfTt99eJh3X,1,0,Male,1,1
R_2dRw96urX6Jxw6n,1,0,Male,1,1
R_2TXM1Vz2BDuX6Kr,0,0,Female,1,0
R_0uk0R1ToHauI0ud,0,0,Female,1,1
R_1GNNUPCLMKdcKGm,0,0,Female,1,1
R_2zCFvXswq1mC1Vz,0,0,Female,1,1
R_1LFZWzILzKyLPuj,1,0,Female,0,0
R_8r0cKtxGIABdXcl,0,1,Male,1,1
R_2PAwzq4depb3ckd,0,1,Male,1,1
R_31GVHyzmeaVE1Ta,0,0,Female,1,1
R_88ObIZVQ8mbuXXr,0,0,Female,1,0
R_2t07VQOm1NsgPcL,0,1,Female,1,0
R_2RWy5odVaNYzwts,0,1,Male,0,1
R_1pKFH0Led6jslfP,1,0,Female,0,0
R_27PsHiXH7TCxGrM,0,0,Male,1,0
R_RJCPYLvYbg7yyaZ,0,1,Female,1,0
R_2QRnUehA19ibN0Y,0,1,Female,1,1
R_3CC78wQto0yZTKM,0,1,Male,0,0
R_3Dcl14sEBBI1dJY,1,0,Male,1,1
R_1mmgCjoh54DKKHr,0,1,Male,1,0
R_3j9jcIsAKsdAPVG,0,0,Female,0,0
R_1NsrCpBhp8qdx74,0,1,Female,1,1
R_3LZtsK1AGbu3CCI,1,0,Male,1,1
R_3hhwhaohS3Xlvvx,1,0,Male,1,1
R_2XdQ5QVan0ZPgnm,0,0,Male,0,1
R_2CqeVgzVtVpGc95,1,0,Male,1,1
R_3e2Wr7mKrWRpU8V,0,0,Male,0,0
R_129G4lBwTnq6hxZ,0,0,Male,1,0
R_3HMQtw5ARA1KSlu,0,0,Female,0,0
R_27g0Jsd3lS7DICe,0,0,Male,1,1
R_3qEjUXCA4kfEYTI,0,0,Male,1,0
R_2XiLUM1RGjlhcSY,0,1,Female,1,1
R_3MaRkIYkbHPk1Aa,0,1,Male,1,0
R_24IuRyTMIOExU4H,0,1,Female,1,1
R_2AKySXlQTpES2SG,0,1,Female,1,1
R_qVF3w1nbx6Wbj7b,1,0,Male,1,0
R_1OTcLEWOrb4Xk6X,0,1,Female,1,1
R_1ojVVBHCY6U2dXl,NA,NA,Male,1,0
R_323fEJim8jQHdSV,0,0,Male,1,0
R_1NDNdHK62umJESh,NA,NA,Female,1,0
R_SNXbGyvwG3yqqel,0,1,Female,0,0
R_2ahFrATgeiYNo6V,0,0,Female,1,1
R_2q2hDiozXgFFS4J,0,1,Female,0,0
R_ym4KwGenw7SKruh,1,0,Female,0,1
R_10UcsD8VVtEbhFQ,0,0,Female,1,1
R_vVwBweFH39jB4gV,0,0,Male,1,1
R_301OYhy7yNiCRDB,0,0,Male,0,1
R_Will3tHNAKOFSIV,0,1,Male,1,1
R_3PGYHxc6jiGVBdo,0,0,Female,1,1
R_1mxedTf8zisqOjD,1,0,Female,0,1
R_1ZwfzYQ3QlvSXSN,0,1,Female,0,1
R_2wyvpHJsZGIsg0P,0,0,Male,1,1
R_1LOs2eGBG5MKW53,0,0,Female,1,1
R_1ZzfGzADm1O4H7j,0,0,Male,1,0
R_1nVHX5DxcuqbHUf,1,0,Female,1,1
R_3iyZpivxbE893UD,0,0,Female,0,1
R_1induyX8Phinc6z,0,0,Male,1,1
R_2DRKntzT2nyRf0R,0,0,Male,1,1
R_2PkaBUtU1MmL5ev,0,0,Male,1,1
R_3emNSCewMIBLnR3,0,0,Male,1,0
R_2X4zx5Y18rzv2iQ,0,0,Male,1,1
R_2XcBYqinBVmm173,0,1,Female,1,1
R_2tgUpVtAcBXYk59,0,0,Female,1,0
R_3MleU48escEzNnu,0,1,Male,1,1
R_0UJwj7q30kRmGcx,0,0,Female,1,0
R_3dFCzlujCIBRjVh,0,0,Female,0,0
R_Z3pXbWx2mcYF3MJ,0,0,Female,1,0
R_DdVNIqN9XJDCw3T,0,1,Male,1,1
R_3qfJMmlFjZKyXzP,0,0,Male,0,0
R_265BiE4SBAK0TJP,0,0,Male,1,1
R_1dirDgyGH5OBbWR,0,0,Male,1,1
R_pFeUH2G0LCdg18d,NA,NA,Female,1,0
R_3svlhPLKyxZMLXW,0,0,Female,0,0
R_25SYGBgF4cLiSZ3,0,1,Female,1,1
R_2zUqfOw0PJ1gQRT,0,1,Female,1,0
R_2rq5avyeIh45GWI,0,0,Male,1,1
R_1QFcgN39Y7e2Htp,0,0,Male,1,1
R_3hAbapI3DY83VUq,0,1,Female,0,1
R_eKFXq3lpoCFcBjP,0,1,Female,1,0
R_BsSOhl8Dyioh0DD,0,0,Male,0,1
R_1C9MX1fXBSYdKzZ,0,0,Female,1,0
R_3oTU31sTB6qouJS,0,0,Female,1,1
R_2rMjU5WQ7RYCobl,0,0,Female,1,1
R_12hVmRie4pGEdKD,0,1,Female,1,0
R_1dz57tainrhpvwS,0,0,Female,0,0
R_1r7evVf9oAjNZ41,0,1,Male,1,1
R_2VOrlpNLuqZaAzi,0,1,Male,1,1
R_2c7tcjzsyhoxy0B,0,1,Male,1,1
R_3KOwZCdPV9fEZ73,1,0,Female,1,1
R_3UGrXYJqUfp0S7n,0,1,Male,1,1
R_1QLCv6ZxnKAiqMA,0,0,Male,1,1
R_27vPlB1ZorbWKN8,0,1,Male,0,0
R_AsXv2LKIuBiBvB7,1,0,Male,1,0
R_3jYye5LLHta8nq6,0,1,Male,1,1
R_3LbYz4FTgJ74l01,0,1,Female,1,1
R_9z7ogOZ4c8Vatj3,0,0,Male,1,1
R_27vTNKmeSCF0bIn,0,0,Male,1,1
R_2TF6YPVHIRBOFpH,0,1,Female,0,1
R_3dWgzYNOGDH2Ber,0,1,Female,1,1
R_SJKIFSHisS89HtD,1,0,Female,1,1
R_xo2lGC9MOYQSpm9,0,1,Female,1,0
R_poTZvh3CcRjkaSB,0,0,Male,1,0
R_6lrKIa2u7Bb2LEB,0,1,Female,1,0
R_2rhW2PPXPA11AYW,0,1,Female,0,1
R_3M5auQlmQ04CY9S,0,1,Female,1,0
R_1BXirlqjjXw5o6i,0,0,Female,1,0
R_2rq243iYmFOv9w0,0,1,Male,1,1
R_1Ld3eMX41V19d51,1,0,Female,1,0
R_2rwqO0CltOcLXRZ,0,0,Male,1,1
R_1C1krhAboIQztaP,0,1,Female,1,1
R_3Rq3WrViYvY9pdp,0,0,Male,1,0
R_pmGf8x7pZ2ahAd3,0,1,Male,1,0
R_ANJxQ7fX2gW9nzz,1,0,Male,1,1
R_1oHlAcDflYiyS7e,0,1,Female,1,0
R_eu3duZTchzG5X0d,1,0,Female,1,1
R_2xz45FEXVOSF3tK,0,0,Male,1,1
R_2dDOazEm4s0cvc9,0,0,Male,1,1
R_3HFSL99RTubCkdf,NA,NA,Female,0,1
R_3lPxiQNXQvm2i5U,0,0,Male,1,1
R_9nu74advwOxDuYV,NA,NA,Female,1,0
R_1d6rpYvsBHEiarQ,1,0,Male,1,1
R_3rHrSlhbHK79t6e,NA,NA,Female,1,0
R_2Y5RXJJxD2u9MLS,1,0,Male,1,1
R_1Nncz5Dc8Uy45lx,0,0,Female,1,1
R_2c0nDmVsC3hrfzR,0,1,Female,1,0
R_z7EO704AdhknqKt,0,1,Female,1,1
R_8pNCAhzNN7kdjlT,0,1,Female,1,1
R_3nIBNBRQmmQhqNG,0,1,Female,1,0
R_3p9KNHF3flLQOyK,0,1,Female,0,0
R_2xVL55zlpJ9XHDA,NA,NA,Male,1,1
R_1NmiYuHTj6zP93Y,0,0,Male,0,1
R_bxzxsb5CVN5WBFL,0,0,Male,0,0
R_3fT4bxC41sMMZdH,1,0,Male,1,0
R_3Ko1L2DJffbmAmd,NA,NA,Female,1,1
R_1LzpK4sFSx115h8,0,1,Male,1,1
R_SAwet5rgdGyCvbX,0,1,Male,0,0
R_3iFstO5xd1Lw3SU,1,0,Female,0,1
R_9HK0SlJok8aDEGt,1,0,Male,0,0
R_PAFnc9VtijNpugh,0,1,Male,1,1
R_1QtQhGOVJLhiP7P,1,0,Male,1,0
R_3KrRJsKVuKAeDiG,0,0,Male,1,1
R_OkH7oxiv3LK6SL7,0,1,Female,1,1
R_3IT7ue92c9vfhcX,0,0,Female,1,1
R_27moRzlBSqhYdzo,0,1,Male,1,1
R_3oZ7MWZflNok1Jr,0,1,Male,1,0
R_1FnedTNZqSllkDK,0,0,Male,1,0
R_3rUpxeFFXKaBMSJ,0,1,Female,1,0
R_2fljtuGdvzF8EIS,1,0,Male,0,0
R_BXNq7wYledAhITT,0,1,Female,1,1
R_z0fcgCXIgmG4OIx,NA,NA,Female,0,0
R_2RWVBsq6gO2KhcH,1,0,Male,1,1
R_3fHOa1ThzgRMkVS,0,0,Female,1,1
R_1Ldik9gLKfHURSy,NA,NA,Male,1,0
R_1PZDcdOrIDMIq3i,0,1,Male,1,0
R_z7uzr8d5vwwTApH,1,0,Male,1,0
R_1Fm1Jn512d5Q89v,0,1,Female,1,0
R_1DUcbvlorTGGspx,0,1,Male,1,1
R_2XpKSwJdiWwH02S,0,1,Female,1,1
R_R4ug1k3nRq3cNC9,0,1,Male,1,1
R_3irGS3znir3GMIW,0,1,Male,1,1
R_1ig7x27WYMcqazk,0,0,Male,1,0
R_2wKwbUqPVeARGSV,0,0,Male,1,1
R_2y1KrrpZ7MnNF0k,0,0,Female,1,0
R_3245J3di8Ey0pMD,0,0,Male,1,0
R_79WIvedUL3Ey0Hn,1,0,Female,1,0
R_eg1iWDsRbRFmCxX,0,1,Male,1,1
R_2uJVaoz63laKHOX,0,1,Female,1,1
R_AuOj9HawlS0wAy5,0,1,Male,1,0
R_2bUFeIzUK1sy0N2,0,0,Male,1,1
R_2XbWaaEHOIQyapj,0,1,Female,1,1
R_3lLxIThb1qyxYaC,0,0,Female,1,0
R_DBSIlUkkXUFONnX,0,0,Male,0,0
R_2xJf7MjE8X4AhcS,1,0,Female,1,0
R_2fImas7Qwwjp4tE,1,0,Female,1,0
R_2am2Fx73HO2QDpO,0,1,Male,1,1
R_1PaVMAbjNev60uu,0,0,Female,1,1
R_3itn9ud0dVblCyC,1,0,Female,1,0
R_1giPg2N66VCIzEP,1,0,Male,1,0
R_31AYdJJ0pAwN7dQ,0,0,Male,1,1
R_3psC3wTkDcfCS9A,1,0,Male,1,0
R_50BeK7DpsS2C7ex,0,0,Male,0,0
R_0U7RAfTYihBhaVP,1,0,Female,0,0
R_wMIWWrWPq7G5K8h,0,0,Female,1,0
R_1l9moRSppAEH9Jz,1,0,Male,1,0
R_3qWgpUqqMJp3DS5,0,0,Male,1,1
R_1g2dbrV1RA2bsb0,0,1,Male,0,0
R_3fJgWYzWloabxPL,0,1,Female,1,1
R_Y3bzmfaXjg9Ci5P,NA,NA,Female,0,0
R_1CvlyI3s2Jq8GkM,0,0,Male,1,0
R_3IXM2pzuc19IhMK,0,0,Male,1,1
R_3pap31hD3q04dCb,0,0,Female,0,1
R_vYTQAL3z2uIFABj,1,0,Female,0,0
R_sKW3lrhjvWiTfYB,0,1,Male,0,1
R_2VQrlcsTtN4cTJX,NA,NA,Male,1,0
R_SWeoYpsOhuaPHcR,0,1,Male,0,1
R_24ozjzS4brhsdEG,1,0,Male,1,1
R_2TZCd1J57UiGBe1,0,0,Female,1,1
R_1NEoc4uv2beVVvB,1,0,Female,0,1
R_By9jojqJ2JpX0SB,0,0,Female,0,0
R_261ultyzzoLASCR,0,1,Male,1,1
R_3CW8mhhhWsTMj2Y,0,1,Female,0,0
R_3enbpPMwObRwXR9,0,0,Female,1,1
R_2thTZrl1u18sdPA,0,0,Female,0,0
R_1M538aMpXRm2xg8,0,0,Male,1,0
R_24jUAeffIlPYK9B,0,1,Male,1,0
R_3KGzUA9q6csz1G8,0,1,Female,1,0
R_PSAk01hkQYNxXR7,0,1,Female,0,1
R_2wSKcy9jbSVj7z3,0,0,Female,0,0
R_3Oi7fP61DjSw6bo,1,0,Male,1,1
R_OJRgWFujvRFl4nD,0,1,Female,0,0
R_2BbtxSBAqPuQMo9,0,1,Male,1,1
R_2s0cgSoNrje0tCc,0,1,Male,1,0
R_1Ks5MQ0fZULjeDC,0,1,Female,1,1
R_0MKZbUr5PNrtK2R,0,1,Male,1,0
R_32SlXL3lTu7QtzC,1,0,Male,1,0
R_3L8dRFBpImJRSkD,0,1,Female,1,1
R_1cYNf0hPDfo7DPF,0,1,Male,1,1
R_0k5QbNJ541VOIOB,0,1,Female,1,1
R_2a8kb1U59WfMCRm,0,1,Female,1,0
R_2TvjJzvoQoOslcG,1,0,Male,1,1
R_2D6cg0aM7IGbc5Q,NA,NA,Female,1,0
R_3DjyL7SsHZi1s3Y,0,1,Female,1,1
R_wXVQTviSgJDiUG5,0,0,Male,1,1
R_21tQz0FyjOwxulk,0,1,Female,1,0
R_rlPzYnYgzLvGdeV,1,0,Female,1,0
R_32Q5c5N5m5QOaSw,0,1,Female,1,1
R_2Ev1skPCbrXQaNf,0,0,Male,1,1
R_2WuT9d9aEtOAJE3,0,1,Female,1,1
R_2Cvn0sTmGyq8Os2,0,1,Male,1,1
R_2BhsFhhm2QDHj9R,0,0,Female,0,0
R_2ci5NmVN58Ex8MW,1,0,Male,1,0
R_6fbQZ3wjHxH9NoR,0,0,Female,1,0
R_WrOodbAoB7hEi7D,1,0,Female,1,1
R_TqjDhKrGP4kdVyp,0,0,Female,1,1
R_PG4V48wZAmeFLpL,1,0,Female,1,1
R_2eQLjrKRybzgMFQ,0,1,Female,0,0
R_2z8EjydKs9sivKn,0,1,Male,1,1
R_3LYciQu7peGdjmF,NA,NA,Male,1,0
R_vCPLJXrDeKKq3F7,0,0,Female,1,1
R_3F4BHEMPzV5UXZz,0,1,Female,1,0
R_30u8kDaNOQ2yUWp,1,0,Female,1,1
R_32XRMXrGPFNrezI,0,0,Female,1,0
R_1hX5YFUVmZLrpor,0,1,Female,1,0
R_DjfiWfB9ybBcChb,1,0,Female,1,0
R_33joT4eD0DzalDT,1,0,Male,1,1
R_12cgIGl35xDAICR,0,1,Male,1,0
R_1QH13dNME5FGAoX,0,0,Female,0,1
R_1OhtzH2kRrUWvSN,1,0,Female,1,0
R_0dNtuDiL4KR3pZL,0,1,Female,1,1
R_3hbcbdeasWTBY8p,1,0,Male,1,0
R_2YgDHSV02TgLTFM,0,0,Female,0,1
R_1Qu51UMtRWjSz1T,NA,NA,Male,1,0
R_1GxZpUSWnmXsgBA,0,1,Female,1,0
R_3rZAIkKrDPOc9UN,0,0,Male,1,1
R_1Nbu8iUonPkMf0N,1,0,Female,0,0
R_x56wG5yLRecYZuV,0,1,Female,1,1
R_3kzI7KzHZcQ4ewR,0,1,Female,1,1
R_1GOBEXq5OGHBd2p,0,1,Male,1,1
R_26l1uMot4FXjDhh,1,0,Female,1,0
R_1ikWLKQyBl64KSa,0,0,Male,1,1
R_1FzIoSkNIwSdwgV,0,0,Female,0,0
R_28MOQJcx7Bz9xuc,0,1,Female,1,1
R_3IVPnFda1nAdppc,0,1,Female,1,1
R_1EheMv0ZnNugl9o,0,1,Female,0,0
R_1Oox7tZeu1l0L9k,1,0,Male,1,1
R_3KMxQXCp6LwABJA,0,1,Male,1,1
R_9GmBXpW0f4qORBT,0,0,Female,1,1
R_1jcTyupQ1A4wj1Z,0,0,Male,0,0
R_2PtGbqZECx75AAO,0,1,Female,1,1
R_29ueWczT9K5rLE4,1,0,Female,1,1
R_1NkmEx7Ye4TNHDk,0,0,Female,1,1
R_1kRlMr7V9wRKDZw,1,0,Male,1,0
R_cwjST2iuohB3Pqx,0,0,Male,1,1
R_2rSIFEvRAzRebWY,1,0,Male,1,0
R_2CwcpbwpQr2oFpp,0,1,Male,1,0
R_2tEefdLRZwAhsX0,1,0,Female,1,1
R_3QXZeSt7osAUMMN,0,0,Male,1,0
R_yU7PmHmAfgG9EiZ,1,0,Female,1,1
R_20TzOaPM4xIjJiH,0,1,Male,0,1
R_2taHzP0P2CTv6QS,0,0,Male,1,1
R_31vCzzt0muprkQ4,NA,NA,Female,1,0
R_NXONxRUIn4GU94l,1,0,Male,1,1
R_z99YcGqvVk3oBRT,0,0,Female,0,1
R_3JIVZN9gh40FPMl,1,0,Female,1,0
R_3EMfhGJbbqRIGS2,1,0,Male,1,1
R_2vcckZ2kP9QfXyT,0,1,Female,1,1
R_2CE7RtS8IdoAMSP,0,1,Female,1,1
R_1QmyjsThr5ronk3,0,1,Female,0,1
R_1dzWTGzfDwmbLMa,0,1,Female,1,0
R_1OH5G2GbRwqtNme,0,1,Female,1,1
R_2txqADlPD3d4iLW,1,0,Female,1,1
R_22QYRwFueRXiGpp,0,1,Female,1,0
R_R8OfToNQ4LPXUkx,0,1,Female,0,1
R_3gR5wKWTEV4JAuT,0,1,Female,1,1
R_RP2pY26UzSijer7,0,1,Male,1,0
R_7Xa3qDCuHChTBL3,0,0,Male,1,1
R_1FziwNUiSfDEzo6,0,0,Female,1,1
R_1QyiQbsWqrK2PNB,0,1,Female,1,1
R_21zl9BkgkSyxtXB,0,0,Female,1,1
R_3EsqcRBphGa8XqV,1,0,Female,1,0
R_3PRDQeUXiljMuJ6,0,0,Female,1,0
R_2w04eeMou4esQta,1,0,Female,1,0
R_6PXYi2q4gEi7Hfr,0,0,Female,0,0
R_1LHk5WQ4pa4824q,0,0,Female,1,0
R_1eRBzEGJRXlUMha,0,0,Male,1,0
R_0GnTzjrog4Z6B2x,0,0,Female,1,0
R_2sWPSrb6R5HwADH,0,0,Female,1,0
R_1QrBHFwdvsJeGGt,0,1,Male,1,1
R_3qKALP64m2zhHq8,0,1,Female,0,1
R_OjNuw9HL0Js8M0N,1,0,Male,1,1
R_Raf7JjyKaIDM8Kt,0,1,Male,0,1
R_3PTuIWCouW6MBle,0,0,Male,1,1
R_DCyvpwhXTUQu7Yt,0,0,Female,1,1
R_p0D1J853toItfPz,1,0,Female,0,0
R_237XrT9PjjupCjW,0,1,Female,1,1
R_72mLjavjH31pxQd,0,1,Female,0,1
R_3lS4YIcJEdmv4AX,0,1,Female,1,0
R_1n8CvaSinxbd5AA,0,1,Male,1,1
R_1f90Yx2R4AeyM0u,0,0,Male,1,1
R_1plLz5E1p7vRLZl,1,0,Male,1,0
R_1fm7rWXiSg13LdH,0,1,Female,0,0
R_3pr6t39zSAq2kW0,0,1,Female,1,1
R_1eVrfGN7lCuDga8,0,1,Female,0,1
R_22QsauGKv3ROmDM,0,0,Male,0,1
R_3k04C5E3dPc7F55,1,0,Male,1,0
R_yTKjmLnw2Qo718l,0,0,Male,1,0
R_r7sZIh9geIa496V,0,0,Female,1,1
R_1dmLqN5guyvAmwH,1,0,Female,1,1
R_2fkOnBRCV91rQwh,0,0,Male,1,0
R_8nThFKSyhPtTppr,0,1,Female,1,1
R_2QMUIfy7pRIfOBt,1,0,Male,1,0
R_2as0K9TsFemGYAb,1,0,Male,1,1
R_3PnShrE6UUVKpNi,0,1,Female,1,0
R_OliIc4uC92W6AKJ,0,0,Male,0,1
R_3DnZLijUvLlyoJU,1,0,Female,1,1
R_1DCj81LEEolVRza,0,1,Male,1,1
R_3rJbksjomFcbYQc,0,0,Male,1,1
R_1ES6gcpFEadvnZn,0,1,Male,1,0
R_3Lj1MaVfVs4ZvnF,0,1,Female,1,1
R_3eskqBahBOcmtZm,1,0,Female,1,1
R_3NPzxTvwG2kCnAx,0,0,Male,0,0
R_2eVybs5FiX18Gcy,0,1,Male,1,1
R_2VDsCwJbGn0O0lF,0,1,Female,0,0
R_1DYjo2JbxRjDpdc,NA,NA,Male,1,1
R_ymVzCFkiDnqhNHH,1,0,Female,0,0
R_p0NUVok3ySHmonv,0,0,Female,0,0
R_3Hj1O2rldHdiB7j,0,1,Female,1,0
R_bKRH3m6ba1qZc2d,0,0,Male,1,1
R_2fANH50VbXgc3lB,0,1,Female,0,1
R_2v8QoAE4BeL1wa8,0,1,Female,1,1
R_2DYRQ3ojot1RvGW,0,1,Male,1,1
R_10uvcf9AZ4EcaUu,0,1,Female,1,1
R_1iloFyEakQT3SSk,0,1,Female,0,0
R_3LiJhcg6FTnTIqm,0,1,Male,1,1
R_3rP9j7P6mH3Y8cK,0,0,Female,0,0
R_3nVmh0ZV0OmhhOt,1,0,Male,1,1
R_3gbTWHMWRDomSKB,NA,NA,Male,0,0
R_1gTlhr2YwExhtzv,0,1,Female,0,1
R_1gbyK25tU2qmPA2,0,1,Male,1,1
R_3lQAWb0NN7xvLy0,NA,NA,Male,1,0
R_3nMhBN6PVP52Di6,0,1,Female,0,1
R_2yeeOd49VcSWzqM,0,1,Male,1,0
R_1gj8oBSwF7ASU27,1,0,Female,1,0
R_2TF5LnB1xZjxKzr,0,1,Female,0,1
R_A0udsGhvD0oOs2R,0,1,Female,1,1
R_1Le99dWY4dkyA1L,1,0,Female,1,0
R_2zYKmppQwsH9ciO,1,0,Male,1,0
R_3Pog7XD5zg7FWtu,1,0,Male,1,0
R_9HatknOgiUpf3nr,0,1,Female,0,1
R_25swy2dQg4iuAWo,0,0,Male,1,1
R_WlHEMKXXiRi5I9r,0,0,Female,0,0
R_1MKFlwnNJLGK8oh,0,1,Female,1,1
R_12DqbXo9htAwQhu,0,0,Female,1,0
R_1nSHCYATvRVluCf,1,0,Male,1,0
R_x4p58Ne76ZozJZf,0,1,Male,1,1
R_3lEcqp6MZZYMRlT,0,0,Male,1,0
R_2rwkMwJNrdM5uGL,1,0,Female,1,1
R_20Ps24EG18TuPRi,0,1,Male,1,0
R_2V4m9PPOUDHKzIq,0,0,Female,1,0
R_2EivHk8694wAbx5,1,0,Male,1,1
R_AzeW82PEQKA4N8Z,1,0,Male,1,1
R_1N48Ir7gsPX00CX,1,0,Male,1,0
R_27DzBxzU0CX9SNm,1,0,Female,1,1
R_31sYbX73VZrCjEa,0,1,Female,1,1
R_2D04QuM0Ezvy1cO,0,0,Female,0,0
R_1H6KfR7PnxBcovf,0,1,Female,1,0
R_3qQAFHnJ2xUhhVf,0,0,Female,1,1
R_1rB8QraROmbMPyS,1,0,Female,0,1
R_24xc7mKBou2VakV,NA,NA,Male,1,1
R_20V751AxnKuR9cs,0,0,Male,1,1
R_WBAnvNOzfODpZE5,1,0,Male,1,0
R_3Mbbif3nzMPj89l,0,1,Male,1,1
R_3mjBvZH1eURopMa,0,1,Female,1,1
R_2QJVDKOlwPdBMjg,0,1,Male,1,0
R_2dphlnTlUFQE1IT,1,0,Female,0,0
R_XtXkbQnS3v8X6vL,0,1,Female,0,0
R_25KMES2bMa3TCkQ,0,0,Female,1,0
R_1F9ZurlnXvcv0IF,0,0,Male,1,1
R_tPXSP9lENj5ejGp,0,1,Female,0,0
R_vNu1UeuxIIku3gl,0,1,Male,1,0
R_pQqZQKfJpRpXlWp,1,0,Female,1,0
R_4108LIHPvM96DWZ,1,0,Male,1,1
R_2xRIkHebMx8VWkN,0,0,Male,0,1
R_vjJHvSNzK0FwCd3,0,1,Male,1,1
R_2X0ek6xAJCxVJWm,0,0,Female,1,1
R_2CCDFELOCZbopLF,0,0,Female,1,1
R_1gwlO0sg5qpNrHP,1,0,Female,1,0
R_1kFZgaeQg3ZV7DK,1,0,Female,1,0
R_1mKMC8WMCjKrJLC,1,0,Female,1,1
R_2X6fyd2v8ZtGgSb,0,1,Female,1,1
R_2AXq5pc2Q2hOpcG,1,0,Male,1,1
R_3J4s9vo761xyx20,0,1,Male,1,1
R_3huLMLU17MEykGn,1,0,Female,1,0
R_z07Cu5eGSWLHT2x,0,1,Male,1,0
R_1IMMObpcuSqWjI1,0,0,Female,1,0
R_1hE8MSEGn46l3RT,0,0,Male,1,1
R_1riQWkGudY0D99L,0,1,Female,1,1
R_3kB9o1EN6TZ7eC6,1,0,Female,1,0
R_vofiFrPD2O5EUaR,0,1,Female,1,1
R_1d6L7f26JhiHAKz,0,1,Male,1,1
R_3q8LOCx5FPRt0Qc,0,1,Male,1,0
R_2Swtr02X31lXTpj,0,0,Female,0,0
R_1ieprsoUbsdFZhv,0,1,Female,1,1
R_3D6kTQbN229z7US,0,0,Female,1,0
R_2RQD4IOdsKmHtla,0,0,Male,1,1
R_dhcCNdmM7oqTcHf,0,0,Female,0,0
R_SJLFXzq4DyKziUN,0,1,Female,0,1
R_8HMIbhFyPV5gRJD,0,1,Female,1,0
R_WDq3BKkTiMMeEWl,0,1,Female,1,0
R_2RQgE5e3KagdpK0,0,0,Male,1,0
R_1eLB3gLZoWyDjkV,0,0,Female,1,0
R_2WS6PibwFFitx4R,0,0,Female,1,1
R_27d0RKinYPEC9kh,0,1,Female,0,0
R_1MRsYzaSSWmufRC,0,0,Female,0,0
R_1g2rKydPPEIk5gV,0,0,Female,0,1
R_3h0IFhEs8NKF7BR,0,0,Male,1,0
R_10IaUz8cFPXgAV6,0,0,Male,0,1
R_6DL8iCFLwfJI6d3,1,0,Female,0,1
R_dgvmLh7eujubbuV,0,1,Female,0,0
R_8BNjgm99iW1R6kV,0,0,Male,1,0
R_3PzQsTm0eNwpQEP,0,1,Male,1,0
R_TgUzeAZpX59vqjn,0,1,Male,1,0
R_vu8YcBcTa56Qwb7,1,0,Male,1,1
R_3kiDQLoirEgLrb6,1,0,Male,1,0
R_6X8Q6sCI5ZtV3Q5,0,0,Female,1,0
R_CdDtHOEvH1eNFC1,0,1,Female,1,1
R_Td4eGlYdjjmNiud,0,0,Female,1,1
R_7O4Xob3RIZ2cOop,1,0,Male,1,1
R_1QFR98PqBmx968A,0,0,Female,1,1
R_2YQESrUX3AoLzuD,0,1,Male,1,0
R_9og96k84LrZUMlb,0,1,Female,0,0
R_3EoEmIxAN6srG2X,0,1,Male,1,0
R_3F265GQGPJlm50k,0,1,Male,1,0
R_8cQas3pcy78CPHH,0,1,Male,1,1
R_21hbwXfSkKgrgUj,0,1,Female,1,1
R_1mloWDoRst2ryjP,0,0,Male,1,0
R_1C9DMg6qA5zurL6,1,0,Female,1,1
R_3rPyniUNjbFJyrN,1,0,Male,1,1
R_2QDwosNmSyrRtcH,1,0,Female,0,0
R_28HejmE3q1xJSOG,0,1,Male,1,0
R_2e3b99M8DhnZZtx,1,0,Female,0,0
R_1FQfepTKUYzYxVW,0,1,Female,1,0
R_2dF8d2HojrpNXIK,0,0,Male,0,1
R_pL7gRttqx6iRhcJ,0,1,Male,0,0
R_2hP6x7Z1mvMjwWZ,0,0,Male,1,1
R_DwUSIQzROxLEm5P,1,0,Female,1,1
R_riGkEGc4aSwaDu1,0,1,Male,1,0
R_1jTXkpx7vQmXJ7h,0,0,Female,1,1
R_1F3WSFfVIyB79r3,1,0,Female,0,1
R_6WPUhFMeCshfmCJ,1,0,Male,1,1
R_3huRKykcvu6V0K3,1,0,Female,0,0
R_1qU0S9AKgO0kDNs,0,1,Female,1,0
R_3dXp22wEUV5hUGY,0,1,Female,1,0
R_SBMUkW8kqUqZ601,0,0,Female,1,1
R_1i2Os0cyPnPchKz,0,0,Female,1,1
R_0cC7zCzLTVAiHZf,0,1,Male,0,0
R_3qVDI4XtH4Dx3md,0,0,Male,1,1
R_3iWJMjeuElXCva7,1,0,Female,0,0
R_1exANVP6NMVmJG1,0,0,Female,1,1
R_saPjf7cO27npRpD,0,0,Male,1,1
R_2B5xGp7z9QyW0FE,0,0,Male,0,0
R_2rN4rjUz0XUS4ML,1,0,Female,0,1
R_2D7zp07Ht24qqaZ,0,0,Male,0,0
R_6sZDHBFJUC9S0ff,1,0,Male,1,0
R_2gFqQLbCodj72Nj,0,1,Female,0,0
R_1QatWC0aYnay1yp,0,0,Female,1,1
R_1kOlZgbImiT2TfB,0,1,Female,1,0
R_3mml7r6MXZcjWru,0,1,Male,1,1
R_3hDqH4Cgk1BRiwu,NA,NA,Male,1,0
R_2vYN5eLtRaiJNDv,0,0,Female,0,1
R_2bW2BIDrJuX1OGP,0,1,Female,1,0
R_1isnVqUiiU49M7f,0,1,Female,1,1
R_1mK42omnzyHOQQu,0,0,Male,1,0
R_1otG5sndRzsbNay,0,0,Female,1,1
R_D5BnLRkGrdsxULT,1,0,Male,1,1
R_roTvYf1VJvanRvP,0,0,Male,1,1
R_1BW1zs0qKuLNQfJ,0,0,Female,1,1
R_8IX1dVk2Yr1HCdX,0,0,Female,0,1
R_YXLsa3L7uyD7GMh,1,0,Male,1,0
R_0weJyLFO2mfrBVn,1,0,Female,1,1
R_2zNKuXR5DyXk9Ws,0,1,Male,1,1
R_CeOoS7WoESITEyJ,1,0,Male,1,0
R_A68OfWstgegvYzv,1,0,Female,1,1
R_3PnqKA2GhD5GJp0,0,0,Male,0,0
R_Dq4zUrFxV6saS09,0,0,Female,0,1
R_1jK8f0j7a6ZgGKx,0,0,Male,1,1
R_2Tq0a4JJm2ihm3j,0,0,Male,1,1
R_2YDKpnqi0oQAsf9,1,0,Female,1,0
R_zc14LXCySyQZABP,0,1,Female,1,0
R_33qiwxkL6BAUAKP,0,0,Female,1,0
R_20Utn153I3LeTg0,0,0,Male,1,1
R_pFMhoGvc79qWQW5,0,1,Female,0,0
R_3jd1DBUaCpbFcvr,1,0,Male,1,0
R_2E4AbSnNuhqxxbO,1,0,Female,1,0
R_3MhsDy9vU70SBVX,0,0,Female,1,1
R_3DcDuZgKVKbSCT2,0,0,Male,1,0
R_3PwbMHHgowV3Sv6,1,0,Female,0,0
R_2rkXxU2ZC2RGKUG,NA,NA,Female,1,0
R_1roAv1KyxpxjrND,0,1,Female,1,1
R_O0sfUSSHF312zPb,1,0,Female,0,0
R_3e2JLefFdkgHOv9,0,0,Male,1,0
R_3s0U9bFbVbY3oRd,0,0,Male,1,0
R_2zZQQ9rJWa1MMgh,1,0,Female,0,1
R_2rSztVK2NrcgyVU,0,0,Female,1,0
R_29oDsEj5nLtRBRn,0,0,Female,1,0
R_1rrcCmFQrIt54Xy,0,1,Male,1,0
R_2E12IdDbfT9w4Ty,1,0,Female,1,1
R_PzV7EJGm8PsLrcl,0,1,Male,1,1
R_3Ld981IYXQP65Di,1,0,Male,1,0
R_233OXc7rXSdDPze,0,1,Male,1,0
R_pc2gE7kbYye719T,0,1,Female,0,0
R_OJNRilDiXt48Tm1,NA,NA,Female,1,1
R_afMesk0Uarzxr6F,0,1,Male,1,0
R_1HkKEawWcNaLPkQ,0,0,Female,1,1
R_2xWW05gtqzLKp89,0,0,Female,0,1
R_2dzRaFHIA7wCGr0,0,1,Female,1,1
R_2PoLQGUcHXfAnVi,0,1,Male,1,1
R_3PAFWopDeEzB0Uu,0,0,Male,1,0
R_0wHQgV7FOoNaBNv,0,0,Male,1,0
R_3kOkRLsNawZRRMi,0,1,Male,0,0
R_1H7WLF9ilTr4rZW,0,1,Female,1,0
R_1QGeuXiBGnwOxqk,0,1,Male,1,0
R_2WOtoAfwL3ofrXc,0,0,Male,0,0
R_3qrpgbuQEW2acJO,0,0,Male,1,0
R_Dq0obq0X4qZj3Al,0,1,Female,0,0
R_3G2pBnLKEaSCr4w,1,0,Female,1,0
R_dn88MjfK80Oat8t,0,1,Female,1,0
R_25FmJX1HTbwoWzZ,0,1,Female,1,0
R_1K2Vn0rjZas5znK,0,0,Female,1,1
R_sSgtnPIzEKqyJKF,0,1,Female,1,1
R_3RvJ9lWQiex2ncK,0,0,Male,1,1
R_1eyQe61ezESo2J5,1,0,Female,1,0
R_XYVPSYa3EWKIYj7,1,0,Male,0,0
R_1esk2wlbxF684Uc,0,0,Male,1,0
R_OP9dRu4BIfvqHst,0,1,Female,1,1
R_1DzF4pWk1JRoJSO,0,0,Female,1,1
R_1QMzkDolPg8SFCx,1,0,Female,1,1
R_3MtyHQ1l5PdL6ue,0,1,Male,1,0
R_3Nz8FXstRWBuKkt,0,1,Male,1,1
R_2dW6bRnP3aLGgGC,0,0,Female,1,1
R_3Jg5qvIGexT7abH,0,1,Male,1,0
R_3QKRGPE1sUpugwH,1,0,Male,1,0
R_3knbveigX8moTx1,0,1,Female,1,1
R_3IWEv2IzNKttOz0,0,0,Female,1,0
R_3DwGGyYXsKv2dyi,0,1,Male,1,1
R_2fxF0uXJxR5DoHf,0,0,Male,1,1
R_2eXxvxCuKCLnRfM,0,0,Male,1,0
R_1K9AllWGJibTicH,1,0,Female,0,0
R_1hEAJFvKuK9v700,0,0,Female,0,0
R_2xOZbIdEWoNR0Br,1,0,Female,1,0
R_1IRYV07BdxA4SvN,0,0,Male,1,1
R_2P5wXAZT3SXcSoK,1,0,Female,1,0
R_Thir9KL9tSZvJMB,0,1,Female,1,0
R_2B9i7JBCkGQKOg3,0,0,Female,1,0
R_dhEwCzLZM5ZJxv3,0,0,Male,1,1
R_2dzjB8za2pEIZdc,0,1,Female,0,1
R_2tfKpqnHyDuV1Ct,0,1,Female,1,0
R_2EF6tY7mrvlnsdZ,0,0,Female,0,1
R_3smfxBJI2R1Unvc,0,1,Male,1,1
R_1NxIVB9Cxwx5SwE,0,1,Female,1,1
R_1gw445Ib0rooSTg,0,1,Male,1,0
R_2xWuAHtswLYN1iM,0,1,Male,1,1
R_28CHdINkVnpb7eq,1,0,Female,1,0
R_efmERploztJfYEV,0,0,Female,0,1
R_sjMGM0ccqKSurE5,0,1,Male,1,1
R_26gN1vNgoFowS1M,0,1,Female,1,0
R_240jSBE3OAwsAtt,NA,NA,Female,0,0
R_2ydr4o3gw7QKjAS,0,0,Male,1,0
R_AHxqKbE3QKX0Mpj,0,0,Male,1,0
R_22WWO5BoJGUn6fZ,0,0,Male,1,1
R_1jGRRW3n9kodkem,NA,NA,Female,1,0
R_d0au9qerX6kkDU5,0,0,Male,1,0
R_2tfyIneldvgjs4U,0,1,Male,1,1
R_3CAWB9eNvIqM1Oh,NA,NA,Female,0,1
R_e9UysNhurk85EWd,0,0,Female,1,1
R_DT8AZfCoyl5jx0R,1,0,Male,1,1
R_PFlBHdFhFHY5NPX,0,0,Male,1,1
R_3FQIo9xkOR0b1On,0,0,Female,1,1
R_2a8G91Kt7gbpCjH,0,0,Male,1,1
R_1lboRf1NWUbixQM,0,1,Male,0,1
R_1jqsszdhzVUky8d,0,0,Male,0,0
R_2EzBjxSifOXiiX9,0,1,Female,1,1
R_1rCHJ93AWWQFLcJ,0,1,Female,1,1
R_bI5qPP3aumTkCxH,0,0,Male,1,1
R_2CxEs4EJ9jfUQ5F,1,0,Female,1,1
R_3dEp1ZcPldvabh7,0,0,Male,1,1
R_2qvZeM5Df5wiVl7,0,0,Male,1,0
R_2QVQqYtKMY2B9JZ,NA,NA,Male,1,0
R_sO5vuoL2wiiR28x,0,0,Female,1,0
R_tJNQ7Cep8aDdy25,0,1,Male,1,1
R_2xF2YCqbgxq2e2Y,0,0,Female,1,1
R_VOtmbOLaO8NiXqp,0,1,Male,1,1
R_25HFfJS404f2hSU,0,1,Male,1,1
R_BFH0Zk78Y8hoEi5,0,1,Male,1,1
R_sBBa7huVKbWF0KR,1,0,Female,1,1
R_3HUHgA89cA9m26F,0,1,Female,1,1
R_afphRgeTguxJDGx,0,1,Female,1,1
R_1QEOzrTkdvGm9ZO,1,0,Male,1,1
R_3JFAoi6mMzepEYN,0,0,Female,1,0
R_1j8Sr8fiSfF5Eem,0,1,Female,1,0
R_PwiV6noeiqRWugV,0,1,Female,0,0
R_3fQ1Oltmfy1XpaC,0,1,Male,1,0
R_3EKIYEGMrPrvZvo,0,1,Female,1,0
R_3e2BehtCnqztjY2,0,1,Male,0,0
R_x58HQQboTzO4hvH,0,1,Female,1,1
R_1kHdCLPRiwRMsLJ,1,0,Male,1,0
R_ehUz3rjeyOw4Ydr,0,0,Male,1,0
R_1r7WtWRluHi353E,0,1,Male,1,1
R_27CKi5yL9zQmZdg,0,0,Female,1,0
R_24wlcoFCj3jWY3a,NA,NA,NA,NA,NA
R_2SoweerS7J4rZbt,0,0,Male,1,1
R_puUaEtKrLYTsVBD,0,1,Female,1,0
R_12FMMOAztShsxRs,1,0,Female,1,1
R_27THqFZfUZe2juQ,0,1,Female,0,0
R_3QWVIbJJxg5nbwE,0,0,Female,1,1
R_sIt5EjwsT94pT5D,0,1,Female,0,1
R_12SaZnXZvMEpZ1F,0,0,Male,1,0
R_1eY4JwnEfAonk6J,0,0,Male,1,0
R_dmtl6BGNN4luMgh,0,0,Male,0,0
R_3GEbFHGErrCTpVy,0,1,Female,1,1
R_1igPSX8A8ba20GV,0,1,Male,1,1
R_1LiiLMrtgQrwB33,0,1,Female,1,1
R_2v6ryHLCpS1pwmY,0,0,Female,1,0
R_RkRWRCvitJLJRGF,1,0,Male,1,0
R_3qPh0lidEl0UZjp,1,0,Female,1,0
R_3IR9JSACYtaX04i,0,0,Male,1,1
R_XGS874ZlQzQuYVz,NA,NA,Female,1,1
R_eLMgAFHSeCA4QHT,0,1,Male,1,1
R_w6r7tzEkjauZpPr,0,1,Female,1,1
R_1pszk91utKFork1,0,1,Female,1,0
R_V41iKmpIu5uf3kB,0,1,Female,0,0
R_12mNTQyTkSoDUMT,0,1,Female,1,1
R_9zAJaYFWVwh878R,0,1,Male,1,1
R_3PsChXaF8ndTL2x,0,1,Female,1,1
R_VQN0aTewYxDJ9OF,0,0,Female,1,1
R_1kM17TuxFfTPTDk,0,1,Female,1,1
R_3OeU2mbrmULSvpT,1,0,Female,1,0
R_vYQV6EKbnrL4Ufv,0,1,Female,1,1
R_28HdTw9NLS4W4A7,0,0,Male,1,0
R_vkHsZpIeiuCocQF,0,0,Female,0,0
R_1gpUvVRp2jGnbi1,1,0,Male,1,0
R_1CCTD65p6aJ4Jq4,1,0,Male,1,1
R_ePPEl3MFDt4Suf7,0,0,Male,1,0
R_2AFgPXvonjgrTOC,1,0,Female,1,1
R_33DqiJkdv0lpD7B,0,0,Male,1,1
R_3MFglZjMGQJyz6E,0,0,Male,1,1
R_1ovZpzK98nq2xrK,NA,NA,Female,1,1
R_1OYMzO62ymqh7Vm,0,0,Male,1,0
R_2Vw36o9QgyhXRuH,0,0,Male,1,0
R_2OMHimMt7ZW1R1i,0,1,Female,1,1
R_XYsx2wBMd83vhvj,NA,NA,Female,0,1
R_2VDzFNvZdDxjYDu,0,0,Female,1,1
R_1NktRUjqQCidVMp,1,0,Female,1,1
R_12hESrHdaRaQzJD,0,1,Female,1,1
R_22XoYqDWu0qYvEx,0,1,Female,1,1
R_3CBhUlZ8QCe2MSB,1,0,Male,1,0
R_2X6cZoUX8yjG1SA,NA,NA,Female,1,0
R_1rDpKOvfc6kPWuX,0,1,Female,0,0
R_1qb4rEpxh1DPDDM,0,1,Male,1,1
R_DIWcGsxVbi8mS2J,0,1,Male,1,0
R_C3lj4cUmKAMnBeh,0,1,Male,1,1
R_23dIlNIVo7P3eeV,0,0,Male,1,0
R_0fdsPlNM0hlBVXr,0,1,Male,1,1
R_1KlhpXAB7rbHgGH,1,0,Female,1,1
R_3m8QG6gY2Pj9tZf,0,1,Male,0,0
R_1P5XmrHiD7yRdSe,0,1,Female,0,0
R_XpGAt4dqDJP96pz,0,0,Female,0,0
R_3nkJLlXlMgwbWw8,0,1,Female,1,0
R_r8UZ0rJfgivXza1,1,0,Female,1,0
R_10w7bFcZsN31WQX,0,1,Female,0,0
R_1LqHPCMpGHSfoOK,0,0,Male,1,0
R_2QEs1t2kju8alQm,NA,NA,Female,1,1
R_1LMvMsLx5bghBIT,0,0,Female,0,0
R_22qQwyCGyb5yE3C,0,1,Female,1,1
R_1o5pIA3VE5LQIhZ,0,0,Male,1,0
R_tXxCwsH6hcctXIB,0,0,Female,1,1
R_2vYzCsGeTifWbCX,0,1,Female,1,0
R_3frVmo2TEbhbvtX,0,0,Male,1,1
R_2wuZpPD8ZQZ73LX,1,0,Male,1,1
R_pSh2Xve3gnAACJj,NA,NA,Female,1,0
R_b48yFRS9ZUzRKOR,0,0,Male,1,0
R_3GuY2COgfYLv2bf,0,1,Female,0,1
R_bkFvj6ueDjdzdgB,0,1,Male,0,0
R_u7FDZJyCO2zExj3,0,1,Male,1,1
R_1mgfKb6F8ANjYBv,0,1,Male,1,1
R_9vHKqHPazmNarWp,0,1,Female,1,0
R_27xsphZ0211k5SG,1,0,Male,1,0
R_1LGduJwY9dNbypz,0,1,Female,1,1
R_2U2YGC5oJNxpQ3U,1,0,Female,1,1
R_2AF0m2BMnhl5qFk,0,1,Male,1,0
R_1DP7ZVzTizQ4qVY,0,0,Female,0,0
R_3jerQP0m4YRwPHZ,1,0,Male,1,1
R_1NrbGcoummw2ix3,0,0,Female,1,0
R_1QKgOnS1oCLrxMC,1,0,Female,1,0
R_32LQDdOuP0p0d2y,NA,NA,Female,0,1
R_UGB5uPrzy8MSwLv,0,0,Male,1,1
R_1CJiEf4QgoPSfSg,0,0,Male,1,0
R_yydK8KfBiE9AkHD,0,1,Female,0,0
R_3mn7whsOV9MBXqQ,1,0,Female,1,0
R_3ltR1oWEQMW6wdB,NA,NA,Female,1,0
R_1IWpPt9djDFEkI6,0,1,Female,1,1
R_2Ez46JfViAPySXT,1,0,Female,1,0
R_9naxBz9RNqyvG01,0,0,Male,1,0
R_2xFge4eyXE96zeH,0,0,Female,1,1
R_29791DDnAQ4P5tm,0,0,Male,1,0
R_31QvGtsccWjgMi9,1,0,Male,1,1
R_WkhwFpZa2fDN9aV,0,0,Male,1,0
R_3NLg2iPfjFAFHaQ,0,0,Female,1,0
R_Z8KzvTTncfayvjb,NA,NA,Male,1,1
R_1DMhxBZeIHFx3d2,0,0,Female,1,1
R_1gGaCU3lhh2rKFV,0,0,Male,1,1
R_3EExG1Xvw4tXo1F,1,0,Female,1,0
R_XBXw9VIDkqnuilP,0,0,Male,1,0
R_RlQY9MlU7IZ5ywx,0,0,Female,0,1
R_1E7gTvDQcjjmz6i,NA,NA,Male,1,1
R_NUMLBLj8IcFfEgV,0,1,Male,1,0
R_1lgxjdM0ypj1P9A,0,1,Female,1,1
R_phBN5rKPTFU0z8R,0,0,Female,1,1
R_22Gph4Y8vObu02I,NA,NA,Female,1,1
R_1r6rojmTVRo3xJv,0,1,Female,1,1
R_27eyeOVlgKC8ln1,0,1,Female,1,1
R_3GjMs8a3AmdvWdO,0,1,Male,0,0
R_2WDaUMFqS1HpKBA,0,0,Male,1,1
R_25tKzR1IV2oIGv9,0,0,Female,1,1
R_vTSpmTvn3T5xea5,0,1,Male,0,0
R_2qkCKjHwEoltTSB,0,1,Female,1,0
R_xroFHlexpVxnybD,1,0,Female,1,1
R_12Gw1laYhnkbVE4,0,0,Female,1,1
R_3EikG0Avhps7iXl,0,0,Male,1,0
R_3HTCj28QLafrQ58,0,1,Male,1,1
R_26nY7omry5c4Gul,NA,NA,Male,1,0
R_1NaGtsFBeNpjrou,0,0,Female,0,1
R_1I5UJ3KGFxtoqzw,0,1,Female,1,1
R_2wumgXM79DwGLti,0,1,Male,0,0
R_vwYRPakUcnpeoI9,0,0,Male,1,1
R_3gYMBedApEvrxUp,0,0,Female,1,0
R_6E9Q8wGuerGw1ax,1,0,Male,1,1
R_1DOMThAZJgJUBtz,0,1,Female,1,1
R_BPocK0D49W3AW1r,0,0,Female,1,0
R_3mgTzdDpc8L7IET,0,1,Female,1,0
R_1LwiDzlbxONarrl,0,0,Female,1,0
R_yNMogwPajGyzyOB,0,0,Female,0,0
R_DP6fPVkqgJz2bDP,0,1,Female,1,1
R_3nirlAxP53sCpew,0,1,Male,1,0
R_2amiH722hjL67Ts,0,0,Female,1,0
R_Deo7jVwDdTQYlbj,NA,NA,Female,1,1
R_sjyLCDz8hsnMeXv,0,1,Male,0,1
R_pEFFeonNpoibY7D,0,1,Female,1,1
R_2VOA7OVH4VrYqGk,0,0,Male,0,1
R_28AHOhKa7HHCRjT,0,0,Female,1,0
R_2eRMBXtHXGUByRh,0,1,Male,1,0
R_1DZox2YiZXusVje,0,0,Male,1,0
R_2VEek2HBYMNAhVI,0,1,Male,1,1
R_3ELUxYw1aZf94G7,0,1,Female,1,1
R_3HNSZ6UV11nPnQO,0,1,Male,1,1
R_C9baZ3re8MXGwed,0,1,Male,1,0
R_2WVIEE0JkgA6QyY,0,0,Male,1,0
R_21GU87iIxMbEYPU,0,1,Female,1,1
R_6LH5Ip763GXGpRT,1,0,Male,1,0
R_1E0Bdtl1jHpElfc,0,0,Male,0,0
R_5jobYGmTLyOSlTX,NA,NA,Male,1,1
R_1f3LG2yVqs41Vhd,1,0,Female,1,0
R_1pzYhaG0PqxOGRn,0,1,Male,1,0
R_bseOWxF6UdRljsR,1,0,Female,1,1
R_3COyDQdQNT61Bue,0,0,Female,1,1
R_dmP816DIRNPIiFH,NA,NA,Male,1,1
R_3xjcZVffeDFTtkd,NA,NA,Male,0,0
R_31SNYlSK4eOXxK2,0,0,Female,0,0
R_1GZxMcMxRD2NDXT,0,1,Female,1,0
R_vN7M5ZIIMm1tKxP,0,0,Male,1,1
R_3qDUuY9RxeqFSLc,0,1,Female,1,1
R_1JXfmOXK8V9fJ0Y,1,0,Male,1,0
R_21ix0LXmI8xsbaE,1,0,Female,1,0
R_1Fa0B9L15vH8ZgD,1,0,Female,1,0
R_2rZ2mtNiYetnIaW,0,0,Male,1,1
R_3PSvh4mA0VOkO4z,0,1,Male,1,0
R_2U6jrbzYY9to1QG,0,0,Female,0,0
R_3MKZ26vPw0FytmN,0,1,Female,1,1
R_1FRRh62FxRvGq6q,0,0,Male,1,1
R_QoYNwmY0xfPCL97,0,0,Female,0,1
R_3r1VIOK6tGXj0IE,0,0,Male,1,0
R_1LdO464AfxGfV6r,0,0,Female,1,0
R_2QKgZWC79WuLEKQ,0,0,Male,1,1
R_qxCkLmK728katVv,0,1,Female,1,1
R_1ghjMy3Uhwfk1Pj,0,1,Female,0,0
R_9T6fzOLZ2hvEY7v,0,1,Male,1,1
R_sifPteEREhvT9PX,0,1,Male,1,1
R_sLHoBKSNzSYCvjH,0,0,Female,1,0
R_1cVb7NDHIb25bUJ,1,0,Male,1,1
R_1rxG9tO8uIzUZ7k,1,0,Female,0,0
R_3L1OGY6KalMBMqZ,1,0,Female,1,1
R_yPxzkX9b7Ii5wxr,0,0,Female,1,0
R_1flJWSr5NemmV1D,0,1,Male,0,0
R_3RvKDrra208pYkO,1,0,Female,1,0
R_1llYpK2UJWx4hIt,0,0,Female,1,1
R_pF9e95SDpDXZGBb,0,0,Male,1,0
R_2bUB0IFtJXWBwHu,0,1,Female,1,1
R_UuvDUkzaajS9Dz3,0,1,Male,1,0
R_2zxc9fYa6LstBiB,0,1,Male,1,0
R_29p7kzGkVxZLMWo,0,1,Female,1,1
R_3fOhMyJuqzmD8S1,0,0,Female,1,1
R_1l3vogrrJav2ZLG,0,1,Female,0,0
R_2Y93zvOV7q5oWIz,0,1,Female,1,1
R_1jDqP9K5Y93vPL9,0,1,Male,1,0
R_3p8QPlj9Sx9VsS6,0,0,Female,1,0
R_3kodwzL2PKWJH58,1,0,Male,1,0
R_1r9crpTJBzhnHk7,1,0,Female,1,1
R_2QQcoJ2LyyuzuxQ,1,0,Male,1,0
R_2YWWyss7wRuovl3,0,1,Male,1,1
R_2UaonKBIDZFnAU2,0,0,Male,1,0
R_3J8jDxSrpHFyX3f,0,0,Female,1,1
R_yZW6ceDGcEcZGEx,0,1,Female,1,1
R_W0g2xA1xfooEDKh,1,0,Male,1,0
R_2Xh4wyXjNMo5BTj,0,1,Female,1,0
R_2Qzbq4KygJsEFtk,0,0,Male,1,1
R_1PUCTk4hBENGRhj,NA,NA,Female,1,0
R_3qUUJz4L7XHmSD8,1,0,Female,1,0
R_vp1wuJBDLACMHRL,0,1,Female,1,0
R_2CBT48oHCHbKAgZ,0,1,Female,1,1
R_5unizcEb2h1oJXz,0,1,Female,0,1
R_2BqDTLiNzu7O08R,0,1,Female,1,1
R_8c9QTHqZXTNIq3v,NA,NA,Female,1,1
R_2woyUvTShxrEzEJ,0,0,Female,1,0
R_27pqi1GpLTJ1xPk,0,0,Female,1,1
R_3kChV5GWyatISWP,0,1,Male,1,0
R_3NKxVTspDZGFThE,0,1,Male,1,0
R_3k6wbIkaT3oHR0o,1,0,Male,1,1
R_1nZ6DOPBsONvZ13,0,1,Female,1,0
R_daQhXq4Rn5WjtxT,0,1,Female,1,0
R_1Kr9GL54l0MBUFQ,0,0,Female,1,0
R_2ctRP5CjRvrcE3R,0,1,Male,1,1
R_3q9XsXPCyNqP3qf,0,1,Male,1,0
R_2e9z44XeKZH4NTw,0,1,Male,1,0
R_27jQW9nV8Os85jD,1,0,Male,1,0
R_2rlaL2mFnMkeD62,0,0,Male,1,1
R_2waj70OaN0NqPpq,0,0,Female,1,1
R_3hz7yeNDk8ofabP,1,0,Male,1,1
R_2VJyYNTvE7HlKpv,1,0,Male,1,1
R_1eWcgox3agDINqz,0,1,Female,0,1
R_bPgzlIGk3KWCrD3,0,1,Male,1,0
R_3gXaNbM4tB7GTjC,1,0,Male,1,1
R_2q2ZWTNy32oHgwv,0,0,Male,1,1
R_2PqlSMTFdehRtj7,0,1,Male,1,1
R_22tOt3ux3f5xsop,0,1,Female,1,0
R_rrsFj3fuocjNrvX,0,1,Female,1,0
R_RPuF9yNEPUJLvvX,0,1,Female,0,0
R_1EiiwcyC9luMK1A,0,1,Male,1,1
R_0PAlVssuizec96p,1,0,Female,1,1
R_u9bHeYGVdPuiJ3P,0,1,Female,0,1
R_RIZkIjzeMXbYtmp,0,1,Female,1,1
R_27BRXINy1OOiW90,0,0,Male,1,1
R_2waVkHhRgCW3eLn,0,0,Female,1,1
R_1dn9P8RbXbRcINL,0,1,Male,1,0
R_1P7OPVv8pEtPLDp,0,1,Female,0,0
R_1ogRt2eeC1lU9LE,0,1,Female,1,1
R_27xs8kMBaWPODkc,0,1,Male,1,1
R_3NxiUq5jtyYjjpV,0,1,Male,1,1
R_phr7CQAwKSmJKwx,0,1,Female,1,0
R_3Ph65y52zcpxKEj,0,1,Male,1,1
R_2rIOHzEd8i3PAb8,0,1,Male,1,1
R_22rmpKSPSfEwjpU,0,0,Female,1,0
R_OE7BMoC9FZK8P7j,0,1,Male,1,1
R_O6DznhaCdA3jRpn,1,0,Male,1,1
R_0Bc97uxUrs3mN3j,0,0,Female,1,1
R_3k0dejr6eBRBxL2,0,1,Female,1,0
R_2afTJFn0wzcht8U,0,0,Female,1,0
R_32JaCtx0RR5TzCh,0,1,Female,0,1
R_30e25azYT6m0cnN,0,1,Female,0,1
R_2X4Bpy2Sj87o6tV,0,0,Female,1,1
R_Zeo2WVCP6CY5y81,0,1,Male,1,0
R_6sWQ2Qw4NJhO8NP,1,0,Female,1,1
R_XS2BgCZmytTIBEt,1,0,Male,1,1
R_V2PUogs10lbIjjX,1,0,Male,1,0
R_8ri1VC3sfKWjikF,1,0,Female,1,0
R_2QoCTnPw0txc1lp,0,0,Male,1,0
R_3ISFSHcxPyfNhP3,0,1,Female,1,1
R_PU4ZFBLa0AzKWBP,1,0,Female,1,0
R_31ACvS8OQX3bY58,0,0,Male,1,1
R_552lEC2VegrGnvj,0,1,Female,1,1
R_UMFkV2nm28ubeFz,0,1,Female,1,0
R_Tose7n4UsDBSXnj,1,0,Male,1,1
R_2fevnz1zeIjblRj,0,0,Male,1,0
R_3R457bPcNbzy1bh,0,1,Male,1,1
R_3peQHiglioQGOzG,0,1,Female,1,1
R_p3lHENnbQyymz4t,0,0,Female,0,0
R_41jB9bbeRv5XNfj,1,0,Female,1,1
R_2alTYhZ6lhttPnn,0,0,Male,1,1
R_1cVbSYm8xjazMNI,0,1,Male,1,1
R_28Ii6J1zUyoQiNd,1,0,Female,1,1
R_OpwD2OhGLb4VCwx,1,0,Male,0,0
R_3CWAIc57ltT88TC,0,1,Male,1,1
R_RlsFvtNWxRGGtgd,0,0,Male,1,0
R_sqgu598jhZISkEx,0,0,Female,1,0
R_3h3GXHJoSnVvAC5,0,0,Male,1,1
R_1oo3HUwd2CNURqv,1,0,Male,0,0
R_vVNmfjqzxu55CU1,1,0,Female,1,0
R_2Y4bNY59qxcygiD,1,0,Male,1,1
R_qK6yG2Nh5PqnGGR,1,0,Male,1,1
R_2uWCM8aWsCQFOQe,0,0,Female,1,0
R_3iOmF14D0TSwMsK,0,1,Male,0,0
R_3lX0t2R1eWp4X2T,0,1,Female,1,0
R_3QMDblqDHRQJuc8,0,0,Female,1,1
R_1rCkd9dPjuZ2Wz4,0,0,Female,1,0
R_1g8ukrhUaxU3Xju,0,0,Female,1,1
R_1IAVLefCF5Vqhc1,0,1,Male,1,1
R_3Du7jOQJSW8ovxn,0,1,Male,1,0
R_eFhWRa8Ioo0IJZT,1,0,Male,1,1
R_3njusSwCd7tbNI7,1,0,Male,1,0
R_3hgbnKgpodJTd2M,0,0,Male,0,0
R_80xh9XMXyHzjLXj,0,0,Male,1,1
R_5grdDRbIORalAop,0,1,Female,1,1
R_1q36XRZE1WMto0t,1,0,Female,1,1
R_3gNHPjs3yENOUEa,1,0,Male,1,0
R_2A12c3mBobmUXzB,0,1,Female,1,0
R_0cC0qkIWNZW5ILD,0,0,Male,0,0
R_1Do756dYyIR0yLG,0,1,Female,1,1
R_2qeoqmIL2XPiVOZ,1,0,Female,0,0
R_2s1Ptzne37Re9Wp,1,0,Male,0,0
R_ClYszThKpUwjbep,0,0,Male,1,1
R_1kM6nZ4VWMUw66u,1,0,Female,0,0
R_2sfW1DDB9fn4prP,NA,NA,Male,0,0
R_3KrpQzdpL4XjC6S,1,0,Male,1,1
R_3GB7fNn4Xjf5aEy,1,0,Female,1,1
R_xz4xW6GmIZsOo5H,NA,NA,NA,NA,NA
R_1kZ8vEcO2fqoNFp,NA,NA,NA,NA,NA
R_VKyOQ8KqeXXBa6d,NA,NA,NA,NA,NA
R_117bhen0hRSgvmJ,0,1,Female,1,0
R_p4dMm1Qj4TrEmAN,1,0,Male,1,1
R_bxyjWQkTy9x89mF,NA,NA,NA,NA,NA
R_1jrJZBRaHk1ie7t,0,0,Male,0,1
R_2Qujn4tzIy8M0CG,1,0,Female,0,0
R_1mt0pmkmCSBeF3I,NA,NA,NA,NA,NA
R_1CmcWRsP4y55PpG,NA,NA,NA,NA,NA
R_2xyNUMabNmqpgo0,NA,NA,NA,NA,NA
R_3Xa98jR4wFRtS93,NA,NA,NA,NA,NA
R_2SGrIJQsSdnpC5L,NA,NA,NA,NA,NA
R_1eEILOHtFkp6cP0,0,1,Female,1,1
R_2TEQQKndIHEJvDc,NA,NA,NA,NA,NA
R_3ffWTcYnggSIQQO,1,0,Female,1,1
R_1P5ml0x4c60evmU,0,0,Female,1,0
R_1gRCOiqeoy9TsVa,0,0,Female,1,0
R_3P7bcL6HSNWvcy5,NA,NA,NA,NA,NA
R_3QYILsfnAoQulPU,0,1,Female,1,1
R_2wpotzLo14lrGOl,NA,NA,Male,1,0
R_3nHk81UvwsvD49I,NA,NA,NA,NA,NA
R_1GPUPx54d4BtMN9,1,0,Female,1,0
R_8jL6JRmPVGMnzVL,NA,NA,NA,NA,NA
R_RWEWzlysjzx9Ruh,NA,NA,NA,NA,NA
R_1juLvMEcgvf6arA,NA,NA,NA,NA,NA
R_2txjqHxAKTctUej,1,0,Male,1,0